SAMPLE_ID,PATIENT_ID,Cancer_Type,Subtype,mutation_MAP3K1,mutation_PIK3CA,mutation_TP53,expression_MAP3K1,expression_PIK3CA,expression_TP53,MAPK_Pathway_Activation,PI3K_Pathway_Activation,p53_Pathway_Activation
TCGA-3C-AALI-01,TCGA-3C-AALI,BRCA,BRCA_Her2,0.0,0.0,1.0,-0.5176,-2.3955,-3.0785,0,0,1
TCGA-3C-AALK-01,TCGA-3C-AALK,BRCA,BRCA_LumA,0.0,1.0,0.0,0.9809,-2.3648,-0.0327,0,1,0
TCGA-5L-AAT0-01,TCGA-5L-AAT0,BRCA,BRCA_LumA,1.0,1.0,0.0,1.1984,-2.1954,0.061,1,1,0
TCGA-A1-A0SG-01,TCGA-A1-A0SG,BRCA,BRCA_LumA,1.0,0.0,0.0,-0.5692,-1.7979,0.2957,1,0,0
TCGA-A1-A0SI-01,TCGA-A1-A0SI,BRCA,BRCA_LumB,0.0,1.0,1.0,0.5067,-0.5065,0.4343,0,1,1
TCGA-A1-A0SK-01,TCGA-A1-A0SK,BRCA,BRCA_Basal,0.0,0.0,1.0,-1.9799,-2.0047,3.6141,0,0,1
TCGA-A1-A0SO-01,TCGA-A1-A0SO,BRCA,BRCA_Basal,0.0,0.0,1.0,-1.4929,0.6746,2.5911,0,0,1
TCGA-A1-A0SP-01,TCGA-A1-A0SP,BRCA,BRCA_Basal,0.0,0.0,1.0,-2.1148,-1.1421,-3.3784,0,0,1
TCGA-A2-A04N-01,TCGA-A2-A04N,BRCA,BRCA_LumA,1.0,1.0,0.0,1.7798,-1.4861,1.4048,1,1,0
TCGA-A2-A04P-01,TCGA-A2-A04P,BRCA,BRCA_Basal,0.0,1.0,1.0,-0.7838,8.4583,-2.7321,0,1,1
TCGA-A2-A04T-01,TCGA-A2-A04T,BRCA,BRCA_Basal,0.0,1.0,1.0,-0.3603,-0.2256,2.6459,0,1,1
TCGA-A2-A04U-01,TCGA-A2-A04U,BRCA,BRCA_Basal,0.0,0.0,1.0,-3.4526,-4.5069,-4.2974,1,1,1
TCGA-A2-A04V-01,TCGA-A2-A04V,BRCA,BRCA_LumA,0.0,1.0,0.0,0.2898,-2.3323,0.4796,0,1,0
TCGA-A2-A04W-01,TCGA-A2-A04W,BRCA,BRCA_Her2,0.0,1.0,1.0,-1.9704,-2.1473,0.08,0,1,1
TCGA-A2-A0CL-01,TCGA-A2-A0CL,BRCA,BRCA_Normal,0.0,0.0,1.0,-0.4663,-0.3466,1.0463,0,0,1
TCGA-A2-A0CM-01,TCGA-A2-A0CM,BRCA,BRCA_Basal,0.0,0.0,1.0,-0.8925,-0.1403,2.1092,0,0,1
TCGA-A2-A0CP-01,TCGA-A2-A0CP,BRCA,BRCA_LumA,1.0,1.0,0.0,0.7721,-2.3769,1.6757,1,1,0
TCGA-A2-A0CR-01,TCGA-A2-A0CR,BRCA,BRCA_LumA,0.0,1.0,0.0,-0.632,-4.4734,0.8002,0,1,0
TCGA-A2-A0CS-01,TCGA-A2-A0CS,BRCA,BRCA_LumA,0.0,1.0,0.0,1.0237,-2.552,1.6416,0,1,0
TCGA-A2-A0CW-01,TCGA-A2-A0CW,BRCA,BRCA_LumB,0.0,1.0,1.0,0.222,-1.1714,-4.1199,0,1,1
TCGA-A2-A0CX-01,TCGA-A2-A0CX,BRCA,BRCA_Her2,0.0,0.0,1.0,-0.5592,-1.5036,0.5578,0,0,1
TCGA-A2-A0D0-01,TCGA-A2-A0D0,BRCA,BRCA_Basal,0.0,0.0,1.0,-3.2941,-1.2718,-3.7171,1,0,1
TCGA-A2-A0D1-01,TCGA-A2-A0D1,BRCA,BRCA_Her2,0.0,1.0,1.0,-2.1371,-3.909,-2.3739,0,1,1
TCGA-A2-A0D2-01,TCGA-A2-A0D2,BRCA,BRCA_Basal,0.0,0.0,1.0,-1.5341,-1.291,-1.9528,0,0,1
TCGA-A2-A0D3-01,TCGA-A2-A0D3,BRCA,BRCA_LumA,0.0,1.0,0.0,1.1772,-1.7127,2.2631,0,1,0
TCGA-A2-A0EM-01,TCGA-A2-A0EM,BRCA,BRCA_LumA,0.0,1.0,0.0,1.1999,-2.0693,0.9381,0,1,0
TCGA-A2-A0EN-01,TCGA-A2-A0EN,BRCA,BRCA_LumA,0.0,1.0,0.0,1.2075,-0.6162,0.2506,0,1,0
TCGA-A2-A0EO-01,TCGA-A2-A0EO,BRCA,BRCA_LumA,0.0,1.0,0.0,0.8947,-1.1883,0.743,0,1,0
TCGA-A2-A0EQ-01,TCGA-A2-A0EQ,BRCA,BRCA_Her2,0.0,1.0,1.0,-0.9991,-2.2256,1.7244,0,1,1
TCGA-A2-A0EU-01,TCGA-A2-A0EU,BRCA,BRCA_LumA,1.0,0.0,0.0,1.3673,-0.9547,1.0799,1,0,0
TCGA-A2-A0EV-01,TCGA-A2-A0EV,BRCA,BRCA_LumA,0.0,1.0,0.0,0.6292,-0.983,-0.2739,0,1,0
TCGA-A2-A0EW-01,TCGA-A2-A0EW,BRCA,BRCA_LumA,0.0,1.0,0.0,1.1233,-0.2339,-0.296,0,1,0
TCGA-A2-A0EX-01,TCGA-A2-A0EX,BRCA,BRCA_LumA,0.0,1.0,0.0,-0.353,-1.6397,0.2247,0,1,0
TCGA-A2-A0EY-01,TCGA-A2-A0EY,BRCA,BRCA_LumB,0.0,1.0,1.0,-0.4266,-1.5376,0.8761,0,1,1
TCGA-A2-A0ST-01,TCGA-A2-A0ST,BRCA,BRCA_Basal,0.0,0.0,1.0,-0.1204,-0.7557,2.0196,0,0,1
TCGA-A2-A0SW-01,TCGA-A2-A0SW,BRCA,BRCA_LumB,0.0,0.0,1.0,-0.6595,-2.3359,0.0571,0,0,1
TCGA-A2-A0SX-01,TCGA-A2-A0SX,BRCA,BRCA_Basal,0.0,0.0,1.0,0.0177,0.5493,2.8717,0,0,1
TCGA-A2-A0SY-01,TCGA-A2-A0SY,BRCA,BRCA_LumA,0.0,1.0,0.0,1.942,-1.6447,0.159,0,1,0
TCGA-A2-A0T1-01,TCGA-A2-A0T1,BRCA,BRCA_Her2,0.0,0.0,1.0,-1.4623,-1.7816,1.1096,0,0,1
TCGA-A2-A0T2-01,TCGA-A2-A0T2,BRCA,BRCA_Basal,0.0,0.0,1.0,-0.1618,-1.2831,0.9326,0,0,1
TCGA-A2-A0T3-01,TCGA-A2-A0T3,BRCA,BRCA_LumB,0.0,0.0,1.0,-0.5665,-1.1302,-3.0449,0,0,1
TCGA-A2-A0T4-01,TCGA-A2-A0T4,BRCA,BRCA_LumA,0.0,1.0,0.0,0.1586,-1.0192,-0.1739,0,1,0
TCGA-A2-A0T7-01,TCGA-A2-A0T7,BRCA,BRCA_LumA,0.0,1.0,0.0,0.6737,-0.7871,0.9016,0,1,0
TCGA-A2-A0YC-01,TCGA-A2-A0YC,BRCA,BRCA_LumA,0.0,1.0,0.0,0.0405,-0.8858,-0.8231,0,1,0
TCGA-A2-A0YD-01,TCGA-A2-A0YD,BRCA,BRCA_LumA,1.0,0.0,0.0,1.5864,-0.343,0.8687,1,0,0
TCGA-A2-A0YE-01,TCGA-A2-A0YE,BRCA,BRCA_Basal,0.0,0.0,1.0,-2.004,-0.911,-4.8902,0,0,1
TCGA-A2-A0YF-01,TCGA-A2-A0YF,BRCA,BRCA_LumA,1.0,0.0,0.0,-0.5666,-0.7236,0.8312,1,0,0
TCGA-A2-A0YG-01,TCGA-A2-A0YG,BRCA,BRCA_LumB,0.0,0.0,1.0,0.9175,-0.2564,-2.9391,0,0,1
TCGA-A2-A0YH-01,TCGA-A2-A0YH,BRCA,BRCA_LumB,0.0,1.0,1.0,0.0912,-0.9458,0.7684,0,1,1
TCGA-A2-A0YI-01,TCGA-A2-A0YI,BRCA,BRCA_LumA,0.0,1.0,0.0,0.8055,0.5694,0.316,0,1,0
TCGA-A2-A0YJ-01,TCGA-A2-A0YJ,BRCA,BRCA_Basal,0.0,0.0,1.0,-1.3786,-0.8368,-1.4892,0,0,1
TCGA-A2-A0YK-01,TCGA-A2-A0YK,BRCA,BRCA_Normal,1.0,1.0,0.0,1.2864,-0.3369,0.4468,1,1,0
TCGA-A2-A0YL-01,TCGA-A2-A0YL,BRCA,BRCA_LumA,0.0,1.0,0.0,1.8472,-0.4444,0.5466,0,1,0
TCGA-A2-A0YM-01,TCGA-A2-A0YM,BRCA,BRCA_Basal,0.0,0.0,1.0,-0.9804,0.554,0.4601,0,0,1
TCGA-A2-A0YT-01,TCGA-A2-A0YT,BRCA,BRCA_LumB,0.0,1.0,1.0,-0.5776,0.3906,0.6132,0,1,1
TCGA-A2-A1FZ-01,TCGA-A2-A1FZ,BRCA,BRCA_LumA,0.0,1.0,0.0,1.826,-0.4756,0.5602,0,1,0
TCGA-A2-A1G0-01,TCGA-A2-A1G0,BRCA,BRCA_LumA,0.0,1.0,0.0,2.9853,-0.3892,-0.4742,1,1,0
TCGA-A2-A1G1-01,TCGA-A2-A1G1,BRCA,BRCA_Basal,1.0,0.0,1.0,-0.6353,0.2002,-2.5466,1,0,1
TCGA-A2-A259-01,TCGA-A2-A259,BRCA,BRCA_LumA,1.0,0.0,0.0,2.1407,-0.0327,2.54,1,0,1
TCGA-A2-A25A-01,TCGA-A2-A25A,BRCA,BRCA_Normal,0.0,1.0,0.0,1.3866,-0.3675,0.4793,0,1,0
TCGA-A2-A25C-01,TCGA-A2-A25C,BRCA,BRCA_LumB,0.0,1.0,0.0,0.8946,-0.7041,1.6988,0,1,0
TCGA-A2-A25D-01,TCGA-A2-A25D,BRCA,BRCA_LumA,0.0,1.0,0.0,-0.4459,-1.7152,-0.5405,0,1,0
TCGA-A2-A3XT-01,TCGA-A2-A3XT,BRCA,BRCA_Basal,0.0,0.0,1.0,-1.6336,-1.8798,1.6152,0,0,1
TCGA-A2-A3XV-01,TCGA-A2-A3XV,BRCA,BRCA_Her2,0.0,0.0,1.0,-2.5873,-5.2489,-0.7274,1,1,1
TCGA-A2-A3XX-01,TCGA-A2-A3XX,BRCA,BRCA_Basal,0.0,0.0,1.0,-1.9781,-2.8151,2.6455,0,1,1
TCGA-A2-A3Y0-01,TCGA-A2-A3Y0,BRCA,BRCA_Basal,1.0,0.0,1.0,-1.4035,-3.3472,-1.539,1,1,1
TCGA-A2-A4S1-01,TCGA-A2-A4S1,BRCA,BRCA_Basal,0.0,0.0,1.0,-2.8482,-2.1771,-0.3089,1,0,1
TCGA-A2-A4S2-01,TCGA-A2-A4S2,BRCA,BRCA_LumA,0.0,1.0,0.0,0.6091,-1.3472,0.0022,0,1,0
TCGA-A2-A4S3-01,TCGA-A2-A4S3,BRCA,BRCA_LumB,0.0,0.0,1.0,-1.5569,-2.1471,-0.1281,0,0,1
TCGA-A7-A0CE-01,TCGA-A7-A0CE,BRCA,BRCA_Basal,0.0,0.0,1.0,-1.4032,-0.3659,1.7225,0,0,1
TCGA-A7-A0CG-01,TCGA-A7-A0CG,BRCA,BRCA_LumA,0.0,1.0,0.0,1.9437,-0.4556,-0.0257,0,1,0
TCGA-A7-A0CH-01,TCGA-A7-A0CH,BRCA,BRCA_LumA,0.0,1.0,0.0,1.8933,-1.4209,0.6622,0,1,0
TCGA-A7-A0CJ-01,TCGA-A7-A0CJ,BRCA,BRCA_LumB,0.0,1.0,1.0,0.8788,-0.7781,0.3932,0,1,1
TCGA-A7-A0D9-01,TCGA-A7-A0D9,BRCA,BRCA_LumA,0.0,1.0,0.0,-0.7409,-0.9085,-1.351,0,1,0
TCGA-A7-A0DA-01,TCGA-A7-A0DA,BRCA,BRCA_Basal,0.0,0.0,1.0,-0.8697,-0.6679,1.277,0,0,1
TCGA-A7-A0DB-01,TCGA-A7-A0DB,BRCA,BRCA_LumA,1.0,1.0,0.0,-0.8735,-1.655,0.6369,1,1,0
TCGA-A7-A13D-01,TCGA-A7-A13D,BRCA,BRCA_Basal,0.0,0.0,1.0,-1.4848,-1.3033,-2.9213,0,0,1
TCGA-A7-A13E-01,TCGA-A7-A13E,BRCA,BRCA_Basal,0.0,0.0,1.0,-1.5359,-0.2412,0.509,0,0,1
TCGA-A7-A13G-01,TCGA-A7-A13G,BRCA,BRCA_LumA,0.0,1.0,0.0,0.7484,-1.6996,-0.2041,0,1,0
TCGA-A7-A26E-01,TCGA-A7-A26E,BRCA,BRCA_LumA,0.0,1.0,0.0,2.9071,-0.0998,0.0922,1,1,0
TCGA-A7-A26F-01,TCGA-A7-A26F,BRCA,BRCA_Basal,0.0,0.0,1.0,0.4879,-0.7324,1.4591,0,0,1
TCGA-A7-A26G-01,TCGA-A7-A26G,BRCA,BRCA_Basal,0.0,0.0,1.0,-0.6025,0.7409,1.189,0,0,1
TCGA-A7-A26H-01,TCGA-A7-A26H,BRCA,BRCA_LumA,0.0,1.0,0.0,1.0585,-0.2256,-1.0945,0,1,0
TCGA-A7-A26I-01,TCGA-A7-A26I,BRCA,BRCA_Basal,0.0,0.0,1.0,-0.4139,0.0504,0.9424,0,0,1
TCGA-A7-A2KD-01,TCGA-A7-A2KD,BRCA,BRCA_LumB,0.0,0.0,1.0,0.2731,-1.8138,-3.1652,0,0,1
TCGA-A7-A4SD-01,TCGA-A7-A4SD,BRCA,BRCA_Basal,0.0,0.0,1.0,-1.8099,-1.0126,1.4773,0,0,1
TCGA-A7-A4SE-01,TCGA-A7-A4SE,BRCA,BRCA_Basal,0.0,0.0,1.0,-1.064,-0.9984,3.2073,0,0,1
TCGA-A7-A56D-01,TCGA-A7-A56D,BRCA,BRCA_LumA,0.0,0.0,1.0,-2.5772,-6.7278,-2.1131,1,1,1
TCGA-A7-A5ZV-01,TCGA-A7-A5ZV,BRCA,BRCA_Basal,0.0,0.0,1.0,-3.9238,-1.9516,-4.7012,1,0,1
TCGA-A7-A5ZW-01,TCGA-A7-A5ZW,BRCA,BRCA_LumA,1.0,1.0,0.0,0.1818,-1.9895,0.609,1,1,0
TCGA-A7-A5ZX-01,TCGA-A7-A5ZX,BRCA,BRCA_LumA,0.0,1.0,0.0,1.523,-1.9844,-0.6229,0,1,0
TCGA-A7-A6VV-01,TCGA-A7-A6VV,BRCA,BRCA_Basal,0.0,0.0,1.0,-0.0363,-1.1285,-1.0941,0,0,1
TCGA-A7-A6VW-01,TCGA-A7-A6VW,BRCA,BRCA_Basal,0.0,0.0,1.0,-3.1108,-2.8249,1.5938,1,1,1
TCGA-A7-A6VX-01,TCGA-A7-A6VX,BRCA,BRCA_LumB,0.0,1.0,1.0,-0.61,-0.1594,-1.056,0,1,1
TCGA-A7-A6VY-01,TCGA-A7-A6VY,BRCA,BRCA_Basal,0.0,0.0,1.0,-2.1112,-2.8802,-2.7902,0,1,1
TCGA-A8-A06O-01,TCGA-A8-A06O,BRCA,BRCA_LumB,0.0,0.0,1.0,0.1884,-1.2763,-0.0941,0,0,1
TCGA-A8-A06P-01,TCGA-A8-A06P,BRCA,BRCA_LumA,1.0,1.0,0.0,1.2676,-0.7985,1.3383,1,1,0
TCGA-A8-A06Q-01,TCGA-A8-A06Q,BRCA,BRCA_LumB,0.0,1.0,1.0,1.3704,-1.3452,0.7872,0,1,1
TCGA-A8-A06R-01,TCGA-A8-A06R,BRCA,BRCA_LumB,0.0,1.0,0.0,-0.9427,-1.9528,-2.8885,0,1,1
TCGA-A8-A06U-01,TCGA-A8-A06U,BRCA,BRCA_LumA,0.0,1.0,1.0,-1.3826,0.978,-3.565,0,1,1
TCGA-A8-A06Z-01,TCGA-A8-A06Z,BRCA,BRCA_LumB,0.0,0.0,1.0,-0.2424,-0.7157,-4.4499,0,0,1
TCGA-A8-A075-01,TCGA-A8-A075,BRCA,BRCA_LumB,0.0,1.0,1.0,-1.1573,-0.7399,-3.1983,0,1,1
TCGA-A8-A079-01,TCGA-A8-A079,BRCA,BRCA_LumB,0.0,0.0,1.0,-0.2561,-0.9863,-0.38,0,0,1
TCGA-A8-A07B-01,TCGA-A8-A07B,BRCA,BRCA_LumA,0.0,1.0,1.0,1.1463,-0.671,-4.0267,0,1,1
TCGA-A8-A07C-01,TCGA-A8-A07C,BRCA,,0.0,0.0,1.0,0.5437,1.4459,-4.3963,0,0,1
TCGA-A8-A07E-01,TCGA-A8-A07E,BRCA,BRCA_LumA,0.0,1.0,0.0,0.7927,-0.78,0.3359,0,1,0
TCGA-A8-A07F-01,TCGA-A8-A07F,BRCA,BRCA_LumA,1.0,0.0,0.0,0.0604,-0.5705,1.4548,1,0,0
TCGA-A8-A07G-01,TCGA-A8-A07G,BRCA,BRCA_LumA,0.0,1.0,0.0,0.966,1.8855,-2.1815,0,1,0
TCGA-A8-A07J-01,TCGA-A8-A07J,BRCA,BRCA_LumA,0.0,1.0,0.0,0.4597,0.2142,0.4762,0,1,0
TCGA-A8-A07O-01,TCGA-A8-A07O,BRCA,BRCA_Basal,0.0,0.0,1.0,-1.0467,0.0296,-2.861,0,0,1
TCGA-A8-A07U-01,TCGA-A8-A07U,BRCA,BRCA_Basal,0.0,0.0,1.0,-1.0854,-0.2992,-0.9588,0,0,1
TCGA-A8-A07W-01,TCGA-A8-A07W,BRCA,BRCA_LumB,0.0,0.0,1.0,-0.4404,-0.0988,0.2073,0,0,1
TCGA-A8-A07Z-01,TCGA-A8-A07Z,BRCA,BRCA_LumA,0.0,1.0,0.0,1.8405,-2.6954,0.3115,0,1,0
TCGA-A8-A081-01,TCGA-A8-A081,BRCA,BRCA_LumB,0.0,1.0,1.0,-0.6784,-0.0489,0.3553,0,1,1
TCGA-A8-A082-01,TCGA-A8-A082,BRCA,BRCA_LumB,1.0,0.0,0.0,2.0499,-1.3643,0.2931,1,0,0
TCGA-A8-A086-01,TCGA-A8-A086,BRCA,BRCA_LumA,1.0,0.0,0.0,-0.2426,-0.6689,0.2782,1,0,0
TCGA-A8-A08B-01,TCGA-A8-A08B,BRCA,BRCA_Her2,0.0,1.0,0.0,0.0931,-1.4323,-4.6529,0,1,1
TCGA-A8-A08H-01,TCGA-A8-A08H,BRCA,BRCA_Normal,1.0,0.0,0.0,-0.8278,-0.1371,-0.5419,1,0,0
TCGA-A8-A08I-01,TCGA-A8-A08I,BRCA,BRCA_LumB,0.0,0.0,1.0,0.3825,-0.7104,0.1297,0,0,1
TCGA-A8-A08L-01,TCGA-A8-A08L,BRCA,BRCA_Her2,0.0,1.0,0.0,0.76,-0.3766,-2.9138,0,1,1
TCGA-A8-A08O-01,TCGA-A8-A08O,BRCA,BRCA_LumA,0.0,1.0,0.0,0.8679,-0.2414,-0.3795,0,1,0
TCGA-A8-A08P-01,TCGA-A8-A08P,BRCA,BRCA_LumB,0.0,1.0,1.0,-0.2544,-0.0718,-3.1902,0,1,1
TCGA-A8-A08R-01,TCGA-A8-A08R,BRCA,BRCA_Basal,0.0,1.0,1.0,-1.3151,0.8368,-2.3924,0,1,1
TCGA-A8-A08T-01,TCGA-A8-A08T,BRCA,BRCA_LumA,0.0,1.0,0.0,0.0255,-0.8656,1.7006,0,1,0
TCGA-A8-A08X-01,TCGA-A8-A08X,BRCA,BRCA_Her2,0.0,0.0,1.0,-1.2876,-0.549,2.3524,0,0,1
TCGA-A8-A08Z-01,TCGA-A8-A08Z,BRCA,BRCA_LumA,1.0,1.0,0.0,0.2504,-0.2531,0.3711,1,1,0
TCGA-A8-A090-01,TCGA-A8-A090,BRCA,BRCA_LumA,1.0,0.0,0.0,-1.0182,0.1227,-1.7116,1,0,0
TCGA-A8-A092-01,TCGA-A8-A092,BRCA,BRCA_LumB,0.0,1.0,1.0,0.0842,-0.6421,1.1043,0,1,1
TCGA-A8-A093-01,TCGA-A8-A093,BRCA,BRCA_LumA,0.0,1.0,0.0,1.5519,-0.5572,-0.6391,0,1,0
TCGA-A8-A094-01,TCGA-A8-A094,BRCA,BRCA_Her2,0.0,0.0,1.0,-0.7479,-2.2247,-3.7333,0,0,1
TCGA-A8-A095-01,TCGA-A8-A095,BRCA,BRCA_LumB,0.0,1.0,0.0,2.1928,-0.2309,1.5939,0,1,0
TCGA-A8-A096-01,TCGA-A8-A096,BRCA,BRCA_LumB,0.0,1.0,0.0,-0.0587,-0.7288,0.9217,0,1,0
TCGA-A8-A097-01,TCGA-A8-A097,BRCA,BRCA_LumA,0.0,0.0,1.0,1.3479,-0.8026,-1.7303,0,0,1
TCGA-A8-A09B-01,TCGA-A8-A09B,BRCA,BRCA_LumA,1.0,1.0,0.0,1.6059,-0.8406,1.0844,1,1,0
TCGA-A8-A09C-01,TCGA-A8-A09C,BRCA,BRCA_LumB,0.0,1.0,0.0,1.3028,0.9009,1.7424,0,1,0
TCGA-A8-A09D-01,TCGA-A8-A09D,BRCA,BRCA_LumA,0.0,1.0,0.0,-0.5412,-0.9095,1.3906,0,1,0
TCGA-A8-A09M-01,TCGA-A8-A09M,BRCA,BRCA_LumB,1.0,0.0,0.0,-1.7347,-1.4023,-0.3801,1,0,0
TCGA-A8-A09N-01,TCGA-A8-A09N,BRCA,BRCA_LumB,0.0,0.0,1.0,0.0979,-1.6212,1.1488,0,0,1
TCGA-A8-A09Q-01,TCGA-A8-A09Q,BRCA,BRCA_LumB,0.0,1.0,1.0,0.5775,0.0923,-2.3933,0,1,1
TCGA-A8-A09X-01,TCGA-A8-A09X,BRCA,BRCA_Her2,0.0,0.0,1.0,-0.5858,-1.7138,0.8185,0,0,1
TCGA-A8-A0A1-01,TCGA-A8-A0A1,BRCA,BRCA_LumA,0.0,1.0,0.0,0.69,-0.623,0.0819,0,1,0
TCGA-A8-A0A6-01,TCGA-A8-A0A6,BRCA,BRCA_LumA,0.0,1.0,0.0,1.1064,-0.6366,-0.8098,0,1,0
TCGA-A8-A0A7-01,TCGA-A8-A0A7,BRCA,BRCA_Her2,0.0,1.0,0.0,-0.7736,-0.9491,-0.1646,0,1,0
TCGA-A8-A0A9-01,TCGA-A8-A0A9,BRCA,BRCA_LumA,0.0,1.0,0.0,0.8951,-0.6651,0.9905,0,1,0
TCGA-AC-A23C-01,TCGA-AC-A23C,BRCA,BRCA_LumA,0.0,1.0,1.0,0.3535,-1.2569,-3.0174,0,1,1
TCGA-AC-A23E-01,TCGA-AC-A23E,BRCA,BRCA_LumA,0.0,1.0,0.0,2.2365,-0.1994,0.199,0,1,0
TCGA-AC-A23H-01,TCGA-AC-A23H,BRCA,BRCA_Her2,1.0,1.0,0.0,1.0666,-0.2586,1.2375,1,1,0
TCGA-AC-A2B8-01,TCGA-AC-A2B8,BRCA,BRCA_LumA,0.0,1.0,0.0,1.8472,-0.3917,0.55,0,1,0
TCGA-AC-A2BK-01,TCGA-AC-A2BK,BRCA,BRCA_Basal,0.0,0.0,1.0,-1.2114,0.5029,1.777,0,0,1
TCGA-AC-A2FF-01,TCGA-AC-A2FF,BRCA,BRCA_LumA,1.0,1.0,0.0,1.6255,-0.0505,1.5211,1,1,0
TCGA-AC-A2FO-01,TCGA-AC-A2FO,BRCA,BRCA_LumA,0.0,1.0,0.0,0.7464,-0.9542,-0.2501,0,1,0
TCGA-AC-A2QH-01,TCGA-AC-A2QH,BRCA,BRCA_Basal,0.0,0.0,1.0,-1.8551,-0.6852,3.1234,0,0,1
TCGA-AC-A3OD-01,TCGA-AC-A3OD,BRCA,BRCA_LumA,0.0,1.0,1.0,0.0438,0.2745,-2.1738,0,1,1
TCGA-AC-A3YJ-01,TCGA-AC-A3YJ,BRCA,BRCA_LumA,0.0,1.0,0.0,-1.3738,-3.7774,0.4324,0,1,0
TCGA-AC-A5EH-01,TCGA-AC-A5EH,BRCA,BRCA_Her2,0.0,1.0,1.0,0.9378,-2.0024,0.5927,0,1,1
TCGA-AC-A5XS-01,TCGA-AC-A5XS,BRCA,BRCA_LumA,0.0,1.0,0.0,0.0055,-3.3006,1.2842,0,1,0
TCGA-AC-A5XU-01,TCGA-AC-A5XU,BRCA,BRCA_LumA,0.0,0.0,1.0,-1.9163,-2.5402,2.5106,0,1,1
TCGA-AC-A62X-01,TCGA-AC-A62X,BRCA,BRCA_Basal,0.0,0.0,1.0,-2.7269,-0.9668,1.4411,1,0,1
TCGA-AC-A6IW-01,TCGA-AC-A6IW,BRCA,BRCA_Basal,0.0,0.0,1.0,-0.8763,-1.5977,3.1422,0,0,1
TCGA-AC-A6NO-01,TCGA-AC-A6NO,BRCA,BRCA_LumA,0.0,1.0,0.0,-0.1978,-2.5338,1.4871,0,1,0
TCGA-AC-A7VC-01,TCGA-AC-A7VC,BRCA,BRCA_Basal,0.0,0.0,1.0,-3.4195,-2.2968,1.8987,1,0,1
TCGA-AC-A8OQ-01,TCGA-AC-A8OQ,BRCA,BRCA_Basal,0.0,0.0,1.0,-1.7827,-1.2435,-1.7144,0,0,1
TCGA-AC-A8OS-01,TCGA-AC-A8OS,BRCA,BRCA_LumA,0.0,1.0,0.0,1.9027,-1.8322,-1.089,0,1,0
TCGA-AN-A03X-01,TCGA-AN-A03X,BRCA,BRCA_LumA,1.0,1.0,0.0,-2.4787,-1.9081,-0.5963,1,1,0
TCGA-AN-A03Y-01,TCGA-AN-A03Y,BRCA,BRCA_LumB,0.0,1.0,0.0,0.7597,-2.1844,1.8018,0,1,0
TCGA-AN-A046-01,TCGA-AN-A046,BRCA,BRCA_LumA,0.0,1.0,1.0,-0.6446,-2.2927,-0.0199,0,1,1
TCGA-AN-A049-01,TCGA-AN-A049,BRCA,BRCA_LumA,1.0,1.0,0.0,-1.0367,0.5368,0.866,1,1,0
TCGA-AN-A04C-01,TCGA-AN-A04C,BRCA,BRCA_Her2,0.0,1.0,1.0,0.1976,-2.134,1.5448,0,1,1
TCGA-AN-A0AJ-01,TCGA-AN-A0AJ,BRCA,BRCA_LumB,0.0,1.0,1.0,0.0717,-0.9312,-2.6539,0,1,1
TCGA-AN-A0AK-01,TCGA-AN-A0AK,BRCA,BRCA_LumB,0.0,1.0,0.0,-2.2791,-1.4037,2.2653,0,1,0
TCGA-AN-A0AL-01,TCGA-AN-A0AL,BRCA,BRCA_Basal,0.0,0.0,1.0,-1.7462,-0.8672,1.1493,0,0,1
TCGA-AN-A0AR-01,TCGA-AN-A0AR,BRCA,BRCA_Basal,0.0,0.0,1.0,-1.0082,-2.0108,-3.5303,0,0,1
TCGA-AN-A0AS-01,TCGA-AN-A0AS,BRCA,BRCA_LumA,1.0,0.0,1.0,-2.6978,-1.2133,0.3883,1,0,1
TCGA-AN-A0FF-01,TCGA-AN-A0FF,BRCA,BRCA_LumB,0.0,1.0,0.0,0.4574,-0.6341,0.418,0,1,0
TCGA-AN-A0FJ-01,TCGA-AN-A0FJ,BRCA,BRCA_Basal,0.0,0.0,1.0,-3.3204,-1.2724,-3.9612,1,0,1
TCGA-AN-A0FL-01,TCGA-AN-A0FL,BRCA,BRCA_Basal,0.0,0.0,1.0,-1.9631,-2.0769,-4.8115,0,0,1
TCGA-AN-A0FS-01,TCGA-AN-A0FS,BRCA,BRCA_LumA,0.0,1.0,0.0,1.1851,-0.8694,-0.3835,0,1,0
TCGA-AN-A0FT-01,TCGA-AN-A0FT,BRCA,BRCA_LumA,0.0,0.0,1.0,-1.6263,-4.066,1.4985,0,1,1
TCGA-AN-A0FV-01,TCGA-AN-A0FV,BRCA,BRCA_Her2,0.0,0.0,1.0,0.355,-1.4142,1.1989,0,0,1
TCGA-AN-A0FX-01,TCGA-AN-A0FX,BRCA,BRCA_Basal,0.0,0.0,1.0,-0.7017,-0.2956,1.7621,0,0,1
TCGA-AN-A0FY-01,TCGA-AN-A0FY,BRCA,BRCA_LumB,0.0,0.0,1.0,0.2088,-1.0281,2.4413,0,0,1
TCGA-AN-A0G0-01,TCGA-AN-A0G0,BRCA,,0.0,0.0,1.0,-1.089,-1.2293,-3.0226,0,0,1
TCGA-AN-A0XL-01,TCGA-AN-A0XL,BRCA,BRCA_LumA,0.0,1.0,0.0,0.8785,-0.1322,-1.1919,0,1,0
TCGA-AN-A0XN-01,TCGA-AN-A0XN,BRCA,BRCA_LumA,0.0,0.0,1.0,-0.1103,-0.2593,0.6837,0,0,1
TCGA-AN-A0XO-01,TCGA-AN-A0XO,BRCA,BRCA_LumA,0.0,1.0,0.0,1.9989,-0.5744,-0.4409,0,1,0
TCGA-AN-A0XP-01,TCGA-AN-A0XP,BRCA,BRCA_LumA,0.0,1.0,0.0,1.3814,-1.3287,-0.5746,0,1,0
TCGA-AN-A0XS-01,TCGA-AN-A0XS,BRCA,BRCA_LumA,1.0,1.0,0.0,1.521,-1.1457,0.7278,1,1,0
TCGA-AN-A0XT-01,TCGA-AN-A0XT,BRCA,BRCA_LumA,0.0,0.0,1.0,1.3133,-0.0412,0.5174,0,0,1
TCGA-AN-A0XU-01,TCGA-AN-A0XU,BRCA,BRCA_Basal,0.0,0.0,1.0,-1.7909,-0.6776,-0.4186,0,0,1
TCGA-AO-A03L-01,TCGA-AO-A03L,BRCA,BRCA_LumA,0.0,1.0,1.0,0.0882,-0.7608,-1.5594,0,1,1
TCGA-AO-A03M-01,TCGA-AO-A03M,BRCA,BRCA_LumA,0.0,1.0,0.0,0.555,-1.0943,-2.265,0,1,0
TCGA-AO-A03N-01,TCGA-AO-A03N,BRCA,BRCA_LumB,0.0,1.0,1.0,-0.8318,-3.3199,1.6966,0,1,1
TCGA-AO-A03O-01,TCGA-AO-A03O,BRCA,BRCA_LumB,0.0,1.0,1.0,-0.8806,0.3534,0.7894,0,1,1
TCGA-AO-A03R-01,TCGA-AO-A03R,BRCA,BRCA_Normal,0.0,0.0,1.0,-1.7661,-3.0969,0.1394,0,1,1
TCGA-AO-A03V-01,TCGA-AO-A03V,BRCA,BRCA_LumA,0.0,0.0,1.0,0.7011,-1.3694,0.4007,0,0,1
TCGA-AO-A0J2-01,TCGA-AO-A0J2,BRCA,BRCA_Her2,0.0,0.0,1.0,-0.258,-2.9066,1.9951,0,1,1
TCGA-AO-A0J4-01,TCGA-AO-A0J4,BRCA,BRCA_Basal,0.0,0.0,1.0,-0.8765,0.0982,1.8917,0,0,1
TCGA-AO-A0J5-01,TCGA-AO-A0J5,BRCA,BRCA_LumA,0.0,1.0,0.0,0.3602,-0.0836,0.5229,0,1,0
TCGA-AO-A0J6-01,TCGA-AO-A0J6,BRCA,BRCA_Basal,0.0,0.0,1.0,-1.3217,-0.6352,-3.8517,0,0,1
TCGA-AO-A0J7-01,TCGA-AO-A0J7,BRCA,BRCA_LumB,1.0,1.0,0.0,-0.9403,-1.3489,1.5541,1,1,0
TCGA-AO-A0JA-01,TCGA-AO-A0JA,BRCA,BRCA_LumA,0.0,1.0,0.0,1.2135,-0.7008,0.4583,0,1,0
TCGA-AO-A0JB-01,TCGA-AO-A0JB,BRCA,BRCA_Normal,0.0,0.0,1.0,-0.9966,-3.9472,-0.8745,0,1,1
TCGA-AO-A0JC-01,TCGA-AO-A0JC,BRCA,BRCA_LumA,1.0,1.0,0.0,1.1449,-0.4961,0.575,1,1,0
TCGA-AO-A0JD-01,TCGA-AO-A0JD,BRCA,BRCA_LumB,0.0,0.0,1.0,0.1542,-0.6531,0.5364,0,0,1
TCGA-AO-A0JE-01,TCGA-AO-A0JE,BRCA,BRCA_Her2,0.0,1.0,1.0,0.1981,-1.4225,0.8258,0,1,1
TCGA-AO-A0JF-01,TCGA-AO-A0JF,BRCA,BRCA_LumA,1.0,1.0,0.0,-0.3019,-0.5837,-0.2576,1,1,0
TCGA-AO-A124-01,TCGA-AO-A124,BRCA,BRCA_Basal,0.0,0.0,1.0,0.47,1.5239,-4.1059,0,0,1
TCGA-AO-A125-01,TCGA-AO-A125,BRCA,BRCA_LumA,0.0,1.0,0.0,1.1576,-3.353,0.6259,0,1,0
TCGA-AO-A126-01,TCGA-AO-A126,BRCA,BRCA_LumA,0.0,1.0,0.0,0.232,-4.3092,-0.0999,0,1,0
TCGA-AO-A128-01,TCGA-AO-A128,BRCA,BRCA_Basal,0.0,0.0,1.0,-0.444,-0.6361,-1.2929,0,0,1
TCGA-AO-A129-01,TCGA-AO-A129,BRCA,BRCA_Basal,0.0,0.0,1.0,-1.6014,-0.9784,2.9437,0,0,1
TCGA-AO-A12A-01,TCGA-AO-A12A,BRCA,BRCA_LumA,0.0,1.0,0.0,0.8208,-1.1583,1.6768,0,1,0
TCGA-AO-A12D-01,TCGA-AO-A12D,BRCA,BRCA_Her2,0.0,0.0,1.0,0.3051,-1.1481,-2.6969,0,0,1
TCGA-AO-A12G-01,TCGA-AO-A12G,BRCA,BRCA_LumA,0.0,0.0,1.0,1.9784,-1.4021,1.3874,0,0,1
TCGA-AO-A1KR-01,TCGA-AO-A1KR,BRCA,BRCA_Basal,0.0,1.0,0.0,-1.3478,-1.7422,2.2945,0,1,0
TCGA-AQ-A04H-01,TCGA-AQ-A04H,BRCA,BRCA_LumB,0.0,0.0,1.0,-1.2001,1.5124,0.3165,0,0,1
TCGA-AQ-A04J-01,TCGA-AQ-A04J,BRCA,BRCA_Basal,0.0,0.0,1.0,-0.6116,-0.7796,2.1599,0,0,1
TCGA-AQ-A0Y5-01,TCGA-AQ-A0Y5,BRCA,BRCA_LumA,0.0,1.0,0.0,-0.6936,-1.0957,-0.7743,0,1,0
TCGA-AQ-A1H2-01,TCGA-AQ-A1H2,BRCA,BRCA_LumA,0.0,1.0,0.0,-1.0687,-1.6317,-1.3337,0,1,0
TCGA-AQ-A54O-01,TCGA-AQ-A54O,BRCA,,0.0,1.0,0.0,-0.9283,-3.9698,0.8229,0,1,0
TCGA-AQ-A7U7-01,TCGA-AQ-A7U7,BRCA,BRCA_LumA,0.0,1.0,0.0,0.1901,-1.6267,0.0703,0,1,0
TCGA-AR-A0TP-01,TCGA-AR-A0TP,BRCA,BRCA_Basal,0.0,0.0,1.0,-0.5406,-0.478,0.4614,0,0,1
TCGA-AR-A0TR-01,TCGA-AR-A0TR,BRCA,BRCA_LumA,0.0,1.0,0.0,1.4367,-0.9942,-1.3809,0,1,0
TCGA-AR-A0TS-01,TCGA-AR-A0TS,BRCA,BRCA_Basal,0.0,0.0,1.0,0.0333,0.9849,-1.5873,0,0,1
TCGA-AR-A0TV-01,TCGA-AR-A0TV,BRCA,BRCA_LumB,0.0,0.0,1.0,-1.963,-0.9425,-0.1045,0,0,1
TCGA-AR-A0TX-01,TCGA-AR-A0TX,BRCA,BRCA_Her2,0.0,0.0,1.0,-0.284,-1.1444,-0.0907,0,0,1
TCGA-AR-A0TZ-01,TCGA-AR-A0TZ,BRCA,BRCA_LumA,0.0,1.0,0.0,0.0351,-0.3372,0.2791,0,1,0
TCGA-AR-A0U0-01,TCGA-AR-A0U0,BRCA,BRCA_Basal,0.0,0.0,1.0,-2.0108,-1.9022,2.2003,0,0,1
TCGA-AR-A0U1-01,TCGA-AR-A0U1,BRCA,,0.0,0.0,1.0,-1.2872,-1.5906,1.1177,0,0,1
TCGA-AR-A0U2-01,TCGA-AR-A0U2,BRCA,BRCA_LumB,0.0,0.0,1.0,-2.5635,-0.7858,0.8688,1,0,1
TCGA-AR-A0U4-01,TCGA-AR-A0U4,BRCA,BRCA_Basal,0.0,0.0,1.0,-1.1539,-0.0793,1.7511,0,0,1
TCGA-AR-A1AH-01,TCGA-AR-A1AH,BRCA,BRCA_Basal,0.0,0.0,1.0,-0.912,-1.6392,-3.7073,0,0,1
TCGA-AR-A1AI-01,TCGA-AR-A1AI,BRCA,BRCA_Basal,0.0,0.0,1.0,-0.8853,0.1296,1.78,0,0,1
TCGA-AR-A1AJ-01,TCGA-AR-A1AJ,BRCA,BRCA_Basal,0.0,0.0,1.0,0.1244,0.0595,2.2872,0,0,1
TCGA-AR-A1AL-01,TCGA-AR-A1AL,BRCA,BRCA_LumA,0.0,1.0,0.0,2.427,-0.7337,0.2123,0,1,0
TCGA-AR-A1AN-01,TCGA-AR-A1AN,BRCA,BRCA_LumA,0.0,0.0,1.0,1.2206,0.5723,-1.8115,0,0,1
TCGA-AR-A1AO-01,TCGA-AR-A1AO,BRCA,BRCA_Normal,0.0,1.0,0.0,-0.0898,0.0654,-0.0458,0,1,0
TCGA-AR-A1AP-01,TCGA-AR-A1AP,BRCA,BRCA_LumA,0.0,0.0,1.0,0.441,-0.6832,-2.6872,0,0,1
TCGA-AR-A1AQ-01,TCGA-AR-A1AQ,BRCA,BRCA_Basal,0.0,0.0,1.0,-1.2247,-1.4932,-0.9907,0,0,1
TCGA-AR-A1AR-01,TCGA-AR-A1AR,BRCA,BRCA_Basal,0.0,0.0,1.0,0.3166,0.7269,-1.7936,0,0,1
TCGA-AR-A1AS-01,TCGA-AR-A1AS,BRCA,BRCA_LumA,0.0,1.0,1.0,2.9216,-1.4654,0.729,1,1,1
TCGA-AR-A1AV-01,TCGA-AR-A1AV,BRCA,,0.0,1.0,0.0,0.1668,-0.4778,0.7771,0,1,0
TCGA-AR-A1AW-01,TCGA-AR-A1AW,BRCA,BRCA_LumB,0.0,1.0,1.0,-0.0013,0.1464,1.5375,0,1,1
TCGA-AR-A1AX-01,TCGA-AR-A1AX,BRCA,BRCA_LumA,0.0,0.0,1.0,1.2817,-0.6735,0.3095,0,0,1
TCGA-AR-A1AY-01,TCGA-AR-A1AY,BRCA,BRCA_Basal,1.0,0.0,1.0,0.0151,-0.0096,-3.4232,1,0,1
TCGA-AR-A24K-01,TCGA-AR-A24K,BRCA,BRCA_LumB,0.0,1.0,1.0,1.1904,-0.1675,-3.5818,0,1,1
TCGA-AR-A24M-01,TCGA-AR-A24M,BRCA,BRCA_LumA,0.0,1.0,0.0,2.2436,0.5537,0.0775,0,1,0
TCGA-AR-A24O-01,TCGA-AR-A24O,BRCA,BRCA_LumA,0.0,1.0,0.0,1.5192,-0.2051,-0.0609,0,1,0
TCGA-AR-A24P-01,TCGA-AR-A24P,BRCA,BRCA_LumA,0.0,0.0,1.0,0.5802,0.0237,-0.2239,0,0,1
TCGA-AR-A24Q-01,TCGA-AR-A24Q,BRCA,BRCA_Basal,0.0,1.0,1.0,-0.2691,-0.0649,3.4408,0,1,1
TCGA-AR-A24S-01,TCGA-AR-A24S,BRCA,BRCA_LumB,0.0,1.0,1.0,-0.1928,0.6346,0.9705,0,1,1
TCGA-AR-A24T-01,TCGA-AR-A24T,BRCA,BRCA_LumA,0.0,1.0,1.0,0.5756,-0.4366,0.2249,0,1,1
TCGA-AR-A24U-01,TCGA-AR-A24U,BRCA,BRCA_Her2,0.0,0.0,1.0,-0.6426,-0.0946,-2.1161,0,0,1
TCGA-AR-A251-01,TCGA-AR-A251,BRCA,BRCA_Basal,0.0,0.0,1.0,-0.9651,1.4684,2.8632,0,0,1
TCGA-AR-A254-01,TCGA-AR-A254,BRCA,BRCA_Her2,0.0,0.0,1.0,0.9069,-0.7937,-2.3499,0,0,1
TCGA-AR-A255-01,TCGA-AR-A255,BRCA,BRCA_LumA,0.0,1.0,0.0,1.1296,0.5417,0.3996,0,1,0
TCGA-AR-A256-01,TCGA-AR-A256,BRCA,BRCA_Basal,0.0,0.0,1.0,0.3411,-0.2938,-2.8971,0,0,1
TCGA-AR-A2LH-01,TCGA-AR-A2LH,BRCA,BRCA_Normal,0.0,0.0,1.0,0.2926,-2.2135,0.4204,0,0,1
TCGA-AR-A2LK-01,TCGA-AR-A2LK,BRCA,BRCA_LumB,0.0,1.0,0.0,1.1142,0.2328,0.8579,0,1,0
TCGA-AR-A2LM-01,TCGA-AR-A2LM,BRCA,BRCA_LumA,0.0,1.0,0.0,2.4356,-0.0105,-0.5173,0,1,0
TCGA-AR-A2LO-01,TCGA-AR-A2LO,BRCA,BRCA_LumA,0.0,1.0,0.0,0.7626,-0.9078,1.4392,0,1,0
TCGA-AR-A5QM-01,TCGA-AR-A5QM,BRCA,BRCA_LumA,0.0,1.0,0.0,0.3744,-2.2749,-1.2256,0,1,0
TCGA-AR-A5QP-01,TCGA-AR-A5QP,BRCA,BRCA_LumA,0.0,1.0,0.0,-0.0559,-1.7468,-0.3908,0,1,0
TCGA-AR-A5QQ-01,TCGA-AR-A5QQ,BRCA,BRCA_Basal,0.0,1.0,1.0,-1.4776,-3.3838,-3.2956,0,1,1
TCGA-B6-A0I1-01,TCGA-B6-A0I1,BRCA,BRCA_Basal,0.0,0.0,1.0,-1.6345,-3.4067,1.8183,0,1,1
TCGA-B6-A0I2-01,TCGA-B6-A0I2,BRCA,BRCA_Basal,0.0,0.0,1.0,-1.9461,-2.6041,-3.038,0,1,1
TCGA-B6-A0I5-01,TCGA-B6-A0I5,BRCA,BRCA_LumA,0.0,1.0,0.0,-0.1194,-3.3484,1.7579,0,1,0
TCGA-B6-A0I9-01,TCGA-B6-A0I9,BRCA,BRCA_Her2,0.0,0.0,1.0,1.1377,-1.0358,1.4913,0,0,1
TCGA-B6-A0IC-01,TCGA-B6-A0IC,BRCA,BRCA_LumA,0.0,1.0,0.0,1.2439,-1.5118,0.9585,0,1,0
TCGA-B6-A0IE-01,TCGA-B6-A0IE,BRCA,BRCA_LumA,0.0,1.0,1.0,-1.3843,-1.7218,-1.9187,0,1,1
TCGA-B6-A0IJ-01,TCGA-B6-A0IJ,BRCA,BRCA_Basal,0.0,0.0,1.0,-1.0373,-1.2758,2.5732,0,0,1
TCGA-B6-A0IK-01,TCGA-B6-A0IK,BRCA,BRCA_Her2,0.0,1.0,1.0,-0.7698,-1.4746,1.7873,0,1,1
TCGA-B6-A0IM-01,TCGA-B6-A0IM,BRCA,BRCA_LumA,1.0,0.0,0.0,0.1885,-0.7566,-0.1109,1,0,0
TCGA-B6-A0IO-01,TCGA-B6-A0IO,BRCA,BRCA_LumA,1.0,0.0,0.0,-0.8081,-1.499,0.8622,1,0,0
TCGA-B6-A0IP-01,TCGA-B6-A0IP,BRCA,BRCA_LumA,0.0,1.0,0.0,1.4427,-2.3898,1.7211,0,1,0
TCGA-B6-A0IQ-01,TCGA-B6-A0IQ,BRCA,BRCA_Basal,0.0,0.0,1.0,-1.4375,-1.6689,-1.7735,0,0,1
TCGA-B6-A0RE-01,TCGA-B6-A0RE,BRCA,BRCA_Basal,0.0,0.0,1.0,-0.2581,-1.5442,-1.5251,0,0,1
TCGA-B6-A0RG-01,TCGA-B6-A0RG,BRCA,BRCA_LumA,0.0,1.0,0.0,0.7396,-0.5145,0.2998,0,1,0
TCGA-B6-A0RH-01,TCGA-B6-A0RH,BRCA,BRCA_Her2,0.0,1.0,1.0,-0.6637,-1.1146,1.4389,0,1,1
TCGA-B6-A0RM-01,TCGA-B6-A0RM,BRCA,BRCA_LumA,1.0,0.0,0.0,0.9924,-1.5697,1.9337,1,0,0
TCGA-B6-A0RN-01,TCGA-B6-A0RN,BRCA,BRCA_LumA,0.0,1.0,0.0,1.3101,-1.8185,1.4256,0,1,0
TCGA-B6-A0RO-01,TCGA-B6-A0RO,BRCA,BRCA_LumA,0.0,1.0,0.0,-1.3784,-1.8372,0.5105,0,1,0
TCGA-B6-A0RP-01,TCGA-B6-A0RP,BRCA,BRCA_LumA,0.0,1.0,0.0,-0.3867,-0.8201,0.7679,0,1,0
TCGA-B6-A0RQ-01,TCGA-B6-A0RQ,BRCA,BRCA_Normal,0.0,1.0,0.0,0.5134,-1.3559,0.7491,0,1,0
TCGA-B6-A0RS-01,TCGA-B6-A0RS,BRCA,BRCA_Her2,0.0,0.0,1.0,-0.3748,-0.1812,0.7662,0,0,1
TCGA-B6-A0RU-01,TCGA-B6-A0RU,BRCA,BRCA_Basal,0.0,0.0,1.0,-0.8414,-1.0755,-1.9336,0,0,1
TCGA-B6-A0WW-01,TCGA-B6-A0WW,BRCA,BRCA_LumB,0.0,1.0,0.0,-0.0626,-1.1097,0.3262,0,1,0
TCGA-B6-A0WX-01,TCGA-B6-A0WX,BRCA,BRCA_Basal,0.0,0.0,1.0,-0.9055,-1.5135,3.6478,0,0,1
TCGA-B6-A0WY-01,TCGA-B6-A0WY,BRCA,BRCA_LumA,0.0,1.0,0.0,1.0167,-0.6363,1.5062,0,1,0
TCGA-B6-A0X0-01,TCGA-B6-A0X0,BRCA,BRCA_LumA,0.0,1.0,0.0,1.2598,-2.191,2.8175,0,1,1
TCGA-B6-A0X1-01,TCGA-B6-A0X1,BRCA,BRCA_Basal,0.0,0.0,1.0,-2.131,-0.1969,-4.641,0,0,1
TCGA-B6-A0X5-01,TCGA-B6-A0X5,BRCA,BRCA_LumB,0.0,1.0,0.0,-0.3254,-3.026,1.2667,0,1,0
TCGA-B6-A0X7-01,TCGA-B6-A0X7,BRCA,BRCA_LumA,0.0,1.0,0.0,1.2043,-1.603,-0.3166,0,1,0
TCGA-B6-A1KF-01,TCGA-B6-A1KF,BRCA,BRCA_Basal,0.0,0.0,1.0,-0.769,-0.8826,-1.3861,0,0,1
TCGA-B6-A1KI-01,TCGA-B6-A1KI,BRCA,BRCA_LumA,1.0,1.0,0.0,0.2934,-1.7971,0.6713,1,1,0
TCGA-B6-A1KN-01,TCGA-B6-A1KN,BRCA,BRCA_LumB,0.0,0.0,1.0,0.1631,-0.2811,1.1565,0,0,1
TCGA-B6-A401-01,TCGA-B6-A401,BRCA,BRCA_LumA,1.0,1.0,1.0,0.4244,-2.665,1.5701,1,1,1
TCGA-B6-A409-01,TCGA-B6-A409,BRCA,BRCA_Basal,0.0,0.0,1.0,-1.4308,-2.9095,-2.7772,0,1,1
TCGA-B6-A40B-01,TCGA-B6-A40B,BRCA,BRCA_LumA,0.0,1.0,0.0,-0.1554,-4.0316,1.3702,0,1,0
TCGA-BH-A0AV-01,TCGA-BH-A0AV,BRCA,BRCA_Basal,0.0,0.0,1.0,-1.5999,-0.3397,2.551,0,0,1
TCGA-BH-A0AW-01,TCGA-BH-A0AW,BRCA,BRCA_Her2,0.0,0.0,1.0,-1.2512,-1.728,0.5061,0,0,1
TCGA-BH-A0AY-01,TCGA-BH-A0AY,BRCA,BRCA_LumA,1.0,0.0,0.0,-1.4673,-2.3332,0.5941,1,0,0
TCGA-BH-A0B0-01,TCGA-BH-A0B0,BRCA,BRCA_LumA,0.0,1.0,1.0,-0.2866,-1.9435,0.6052,0,1,1
TCGA-BH-A0B3-01,TCGA-BH-A0B3,BRCA,BRCA_Basal,0.0,0.0,1.0,-1.1835,-0.4616,2.1935,0,0,1
TCGA-BH-A0B5-01,TCGA-BH-A0B5,BRCA,BRCA_LumA,0.0,1.0,0.0,1.302,-1.4381,0.8933,0,1,0
TCGA-BH-A0B7-01,TCGA-BH-A0B7,BRCA,BRCA_Her2,0.0,0.0,1.0,-0.3616,-0.9427,-2.2448,0,0,1
TCGA-BH-A0B9-01,TCGA-BH-A0B9,BRCA,BRCA_Basal,0.0,0.0,1.0,-1.4161,-0.9363,2.7917,0,0,1
TCGA-BH-A0BA-01,TCGA-BH-A0BA,BRCA,BRCA_LumA,0.0,1.0,0.0,1.7111,-1.1847,-0.326,0,1,0
TCGA-BH-A0BC-01,TCGA-BH-A0BC,BRCA,BRCA_LumA,0.0,1.0,1.0,0.2464,-1.2421,0.593,0,1,1
TCGA-BH-A0BD-01,TCGA-BH-A0BD,BRCA,BRCA_LumB,0.0,1.0,0.0,1.8762,-1.1158,1.1241,0,1,0
TCGA-BH-A0BF-01,TCGA-BH-A0BF,BRCA,BRCA_LumB,0.0,1.0,1.0,0.1257,-0.7091,1.0985,0,1,1
TCGA-BH-A0BG-01,TCGA-BH-A0BG,BRCA,BRCA_Basal,0.0,0.0,1.0,-1.8046,-0.9115,-2.3682,0,0,1
TCGA-BH-A0BJ-01,TCGA-BH-A0BJ,BRCA,BRCA_LumA,0.0,1.0,0.0,1.2598,-0.9791,0.5568,0,1,0
TCGA-BH-A0BL-01,TCGA-BH-A0BL,BRCA,BRCA_Basal,0.0,0.0,1.0,-0.3433,0.4071,1.4891,0,0,1
TCGA-BH-A0BM-01,TCGA-BH-A0BM,BRCA,BRCA_LumA,0.0,1.0,0.0,0.5833,-1.3898,-0.822,0,1,0
TCGA-BH-A0BO-01,TCGA-BH-A0BO,BRCA,BRCA_LumA,1.0,1.0,0.0,1.1732,-0.845,-0.0956,1,1,0
TCGA-BH-A0BP-01,TCGA-BH-A0BP,BRCA,BRCA_LumA,0.0,0.0,1.0,0.6767,-0.5359,-0.7817,0,0,1
TCGA-BH-A0BQ-01,TCGA-BH-A0BQ,BRCA,BRCA_LumA,0.0,1.0,0.0,0.5902,-1.7156,0.4311,0,1,0
TCGA-BH-A0BR-01,TCGA-BH-A0BR,BRCA,BRCA_LumA,0.0,0.0,1.0,-0.8455,0.5004,0.2838,0,0,1
TCGA-BH-A0BT-01,TCGA-BH-A0BT,BRCA,BRCA_LumA,0.0,1.0,1.0,-1.0059,-2.3005,2.1074,0,1,1
TCGA-BH-A0BV-01,TCGA-BH-A0BV,BRCA,BRCA_LumA,0.0,1.0,0.0,-1.2669,0.244,1.1947,0,1,0
TCGA-BH-A0BW-01,TCGA-BH-A0BW,BRCA,BRCA_Basal,0.0,0.0,1.0,-0.6334,0.5493,-2.6916,0,0,1
TCGA-BH-A0C0-01,TCGA-BH-A0C0,BRCA,BRCA_LumB,0.0,0.0,1.0,-0.6779,-0.596,-2.297,0,0,1
TCGA-BH-A0C3-01,TCGA-BH-A0C3,BRCA,BRCA_LumB,0.0,0.0,1.0,-0.6001,-0.0123,-1.6769,0,0,1
TCGA-BH-A0DE-01,TCGA-BH-A0DE,BRCA,BRCA_LumA,0.0,1.0,0.0,-0.5158,-1.2328,-0.715,0,1,0
TCGA-BH-A0DI-01,TCGA-BH-A0DI,BRCA,BRCA_LumA,0.0,0.0,1.0,0.9455,2.4477,-0.3839,0,0,1
TCGA-BH-A0DK-01,TCGA-BH-A0DK,BRCA,BRCA_LumA,0.0,1.0,0.0,-0.9761,-0.2955,0.7578,0,1,0
TCGA-BH-A0DL-01,TCGA-BH-A0DL,BRCA,BRCA_Basal,0.0,1.0,1.0,0.0296,0.4795,0.6653,0,1,1
TCGA-BH-A0DO-01,TCGA-BH-A0DO,BRCA,BRCA_LumA,0.0,1.0,0.0,0.824,-1.4009,0.9268,0,1,0
TCGA-BH-A0DP-01,TCGA-BH-A0DP,BRCA,BRCA_LumA,0.0,1.0,0.0,1.6048,-1.0941,0.3043,0,1,0
TCGA-BH-A0DT-01,TCGA-BH-A0DT,BRCA,BRCA_LumA,1.0,1.0,0.0,0.3532,-1.0073,1.5293,1,1,0
TCGA-BH-A0DV-01,TCGA-BH-A0DV,BRCA,BRCA_LumA,1.0,1.0,0.0,-0.3114,-0.7682,0.316,1,1,0
TCGA-BH-A0DX-01,TCGA-BH-A0DX,BRCA,BRCA_LumA,0.0,1.0,0.0,0.4725,-1.2761,-0.0542,0,1,0
TCGA-BH-A0DZ-01,TCGA-BH-A0DZ,BRCA,BRCA_LumA,1.0,0.0,1.0,1.3039,-1.7289,0.0394,1,0,1
TCGA-BH-A0E0-01,TCGA-BH-A0E0,BRCA,BRCA_Basal,0.0,0.0,1.0,-2.2511,-1.4068,1.7986,0,0,1
TCGA-BH-A0E6-01,TCGA-BH-A0E6,BRCA,BRCA_Basal,0.0,0.0,1.0,-2.8024,-1.3158,-2.6046,1,0,1
TCGA-BH-A0E7-01,TCGA-BH-A0E7,BRCA,BRCA_LumA,1.0,0.0,0.0,1.2164,-0.8535,-0.55,1,0,0
TCGA-BH-A0EA-01,TCGA-BH-A0EA,BRCA,BRCA_LumA,0.0,1.0,0.0,-0.0618,-1.2356,0.9275,0,1,0
TCGA-BH-A0EB-01,TCGA-BH-A0EB,BRCA,BRCA_LumA,0.0,1.0,0.0,0.2455,-1.2773,1.3287,0,1,0
TCGA-BH-A0EE-01,TCGA-BH-A0EE,BRCA,BRCA_Her2,0.0,1.0,1.0,-0.6641,-2.5944,-4.201,0,1,1
TCGA-BH-A0GY-01,TCGA-BH-A0GY,BRCA,BRCA_LumA,0.0,1.0,1.0,1.0349,1.5846,1.3234,0,1,1
TCGA-BH-A0H3-01,TCGA-BH-A0H3,BRCA,BRCA_LumA,0.0,1.0,0.0,0.6831,-0.5866,1.2045,0,1,0
TCGA-BH-A0H6-01,TCGA-BH-A0H6,BRCA,BRCA_LumA,1.0,0.0,0.0,1.2631,-1.2997,0.4524,1,0,0
TCGA-BH-A0H7-01,TCGA-BH-A0H7,BRCA,BRCA_LumA,0.0,0.0,1.0,0.8282,-1.395,-0.6567,0,0,1
TCGA-BH-A0H9-01,TCGA-BH-A0H9,BRCA,BRCA_LumA,0.0,1.0,0.0,-0.4557,-0.9577,0.7996,0,1,0
TCGA-BH-A0HA-01,TCGA-BH-A0HA,BRCA,BRCA_LumA,0.0,1.0,0.0,-0.415,-2.3197,-0.2321,0,1,0
TCGA-BH-A0HF-01,TCGA-BH-A0HF,BRCA,,0.0,1.0,0.0,0.5875,-1.6147,0.2238,0,1,0
TCGA-BH-A0HI-01,TCGA-BH-A0HI,BRCA,BRCA_LumA,0.0,1.0,0.0,0.184,-1.7613,0.4343,0,1,0
TCGA-BH-A0HN-01,TCGA-BH-A0HN,BRCA,,0.0,1.0,0.0,-0.9981,-3.4764,-0.1043,0,1,0
TCGA-BH-A0HQ-01,TCGA-BH-A0HQ,BRCA,BRCA_LumA,1.0,0.0,0.0,1.0636,-1.4467,1.5455,1,0,0
TCGA-BH-A0HU-01,TCGA-BH-A0HU,BRCA,BRCA_LumB,0.0,1.0,0.0,-0.5822,-1.3581,0.7617,0,1,0
TCGA-BH-A0HX-01,TCGA-BH-A0HX,BRCA,BRCA_LumA,0.0,0.0,1.0,-0.9223,-1.384,0.6766,0,0,1
TCGA-BH-A0HY-01,TCGA-BH-A0HY,BRCA,BRCA_LumB,0.0,0.0,1.0,-0.1144,-1.1185,-0.1414,0,0,1
TCGA-BH-A0RX-01,TCGA-BH-A0RX,BRCA,BRCA_Basal,0.0,0.0,1.0,-1.1253,-1.8402,-0.7364,0,0,1
TCGA-BH-A0W3-01,TCGA-BH-A0W3,BRCA,BRCA_LumB,0.0,1.0,0.0,0.3804,-1.5051,-0.0623,0,1,0
TCGA-BH-A0W5-01,TCGA-BH-A0W5,BRCA,BRCA_LumA,1.0,1.0,0.0,1.2378,-0.6829,0.7086,1,1,0
TCGA-BH-A0W7-01,TCGA-BH-A0W7,BRCA,BRCA_LumA,0.0,1.0,0.0,0.4808,-2.3148,0.7712,0,1,0
TCGA-BH-A0WA-01,TCGA-BH-A0WA,BRCA,BRCA_Basal,0.0,0.0,1.0,-0.7679,0.1309,1.7471,0,0,1
TCGA-BH-A18F-01,TCGA-BH-A18F,BRCA,BRCA_LumA,0.0,1.0,0.0,1.2161,-1.1043,0.6927,0,1,0
TCGA-BH-A18G-01,TCGA-BH-A18G,BRCA,BRCA_Basal,1.0,0.0,0.0,-0.3232,-1.5427,2.1088,1,0,0
TCGA-BH-A18H-01,TCGA-BH-A18H,BRCA,BRCA_LumA,0.0,1.0,1.0,0.4584,-1.0811,-2.2879,0,1,1
TCGA-BH-A18I-01,TCGA-BH-A18I,BRCA,BRCA_LumA,0.0,1.0,0.0,1.5338,-0.3717,0.6988,0,1,0
TCGA-BH-A18J-01,TCGA-BH-A18J,BRCA,BRCA_LumA,0.0,1.0,0.0,0.2148,-1.1187,0.7891,0,1,0
TCGA-BH-A18M-01,TCGA-BH-A18M,BRCA,BRCA_LumA,1.0,0.0,0.0,0.7966,-0.6991,1.7055,1,0,0
TCGA-BH-A18N-01,TCGA-BH-A18N,BRCA,BRCA_LumA,1.0,0.0,0.0,1.4642,-0.4967,1.06,1,0,0
TCGA-BH-A18P-01,TCGA-BH-A18P,BRCA,BRCA_Her2,1.0,0.0,0.0,-0.3642,-0.8294,0.2396,1,0,0
TCGA-BH-A18Q-01,TCGA-BH-A18Q,BRCA,BRCA_Basal,0.0,0.0,1.0,0.0153,-0.0427,-2.3864,0,0,1
TCGA-BH-A18S-01,TCGA-BH-A18S,BRCA,BRCA_LumA,1.0,0.0,0.0,0.6455,-1.3897,-2.0152,1,0,0
TCGA-BH-A18T-01,TCGA-BH-A18T,BRCA,BRCA_Basal,0.0,0.0,1.0,-0.7544,-0.324,2.8957,0,0,1
TCGA-BH-A18U-01,TCGA-BH-A18U,BRCA,BRCA_LumB,0.0,0.0,1.0,2.0619,-0.9978,-2.3585,0,0,1
TCGA-BH-A18V-01,TCGA-BH-A18V,BRCA,BRCA_Basal,0.0,0.0,1.0,-0.2376,1.6689,-1.8769,0,0,1
TCGA-BH-A1ET-01,TCGA-BH-A1ET,BRCA,BRCA_LumA,0.0,1.0,0.0,0.5883,-0.2493,0.2414,0,1,0
TCGA-BH-A1EU-01,TCGA-BH-A1EU,BRCA,BRCA_LumA,0.0,1.0,0.0,1.0989,0.4614,0.0696,0,1,0
TCGA-BH-A1EX-01,TCGA-BH-A1EX,BRCA,BRCA_LumA,1.0,0.0,0.0,1.0208,-0.7911,0.7594,1,0,0
TCGA-BH-A1EY-01,TCGA-BH-A1EY,BRCA,BRCA_LumA,0.0,1.0,1.0,0.3683,-1.17,0.0881,0,1,1
TCGA-BH-A1F0-01,TCGA-BH-A1F0,BRCA,BRCA_Basal,0.0,0.0,1.0,-0.1949,0.8354,-1.5767,0,0,1
TCGA-BH-A1F2-01,TCGA-BH-A1F2,BRCA,BRCA_LumB,0.0,0.0,1.0,-0.278,-0.6799,1.0938,0,0,1
TCGA-BH-A1F5-01,TCGA-BH-A1F5,BRCA,,1.0,0.0,0.0,1.1519,-0.1959,0.9503,1,0,0
TCGA-BH-A1F6-01,TCGA-BH-A1F6,BRCA,BRCA_Basal,0.0,0.0,1.0,-0.3072,-1.0515,0.8696,0,0,1
TCGA-BH-A1F8-01,TCGA-BH-A1F8,BRCA,BRCA_LumB,0.0,1.0,0.0,0.6597,-0.0463,0.4653,0,1,0
TCGA-BH-A1FC-01,TCGA-BH-A1FC,BRCA,BRCA_Basal,0.0,0.0,1.0,0.2677,-0.7548,-2.7675,0,0,1
TCGA-BH-A1FD-01,TCGA-BH-A1FD,BRCA,BRCA_LumB,0.0,0.0,1.0,-0.7583,-1.0669,1.1275,0,0,1
TCGA-BH-A1FE-01,TCGA-BH-A1FE,BRCA,BRCA_LumA,0.0,1.0,1.0,1.3407,0.249,0.4072,0,1,1
TCGA-BH-A1FG-01,TCGA-BH-A1FG,BRCA,BRCA_LumA,1.0,0.0,0.0,0.4389,-1.4062,-0.6083,1,0,0
TCGA-BH-A1FN-01,TCGA-BH-A1FN,BRCA,BRCA_LumB,0.0,0.0,1.0,0.7649,0.8562,0.9919,0,0,1
TCGA-BH-A1FU-01,TCGA-BH-A1FU,BRCA,BRCA_Normal,0.0,0.0,1.0,-0.7789,-0.1506,1.4753,0,0,1
TCGA-BH-A201-01,TCGA-BH-A201,BRCA,BRCA_LumA,0.0,1.0,0.0,1.744,0.8638,-0.1925,0,1,0
TCGA-BH-A202-01,TCGA-BH-A202,BRCA,BRCA_LumB,0.0,1.0,1.0,-0.305,-0.8669,-3.8622,0,1,1
TCGA-BH-A203-01,TCGA-BH-A203,BRCA,BRCA_Her2,0.0,1.0,1.0,0.1031,1.0147,1.5578,0,1,1
TCGA-BH-A208-01,TCGA-BH-A208,BRCA,BRCA_Normal,0.0,1.0,1.0,-1.4518,0.126,-0.7169,0,1,1
TCGA-BH-A2L8-01,TCGA-BH-A2L8,BRCA,BRCA_LumA,0.0,1.0,0.0,0.9631,-2.4692,1.067,0,1,0
TCGA-BH-A42V-01,TCGA-BH-A42V,BRCA,BRCA_LumA,1.0,1.0,0.0,1.1258,-2.118,0.3454,1,1,0
TCGA-BH-A5IZ-01,TCGA-BH-A5IZ,BRCA,BRCA_Basal,0.0,0.0,1.0,-2.0387,-0.8932,0.9164,0,0,1
TCGA-BH-A5J0-01,TCGA-BH-A5J0,BRCA,BRCA_LumA,0.0,1.0,1.0,-0.5869,-3.3788,-0.1894,0,1,1
TCGA-BH-A8FY-01,TCGA-BH-A8FY,BRCA,BRCA_LumA,0.0,1.0,0.0,0.9794,-3.6695,-0.5774,0,1,0
TCGA-BH-AB28-01,TCGA-BH-AB28,BRCA,BRCA_LumA,1.0,0.0,0.0,0.2641,-3.1281,1.3978,1,1,0
TCGA-C8-A12K-01,TCGA-C8-A12K,BRCA,BRCA_Basal,0.0,0.0,1.0,-1.1719,-1.2317,1.3384,0,0,1
TCGA-C8-A12L-01,TCGA-C8-A12L,BRCA,BRCA_Her2,0.0,1.0,1.0,0.4417,0.7881,1.7585,0,1,1
TCGA-C8-A12N-01,TCGA-C8-A12N,BRCA,BRCA_LumA,1.0,1.0,0.0,1.4818,-1.5989,1.4708,1,1,0
TCGA-C8-A12O-01,TCGA-C8-A12O,BRCA,BRCA_LumA,0.0,0.0,1.0,-1.5281,-0.8795,-0.1838,0,0,1
TCGA-C8-A12P-01,TCGA-C8-A12P,BRCA,BRCA_Her2,0.0,0.0,1.0,-0.7225,0.3408,0.7936,0,0,1
TCGA-C8-A12Q-01,TCGA-C8-A12Q,BRCA,BRCA_Her2,0.0,0.0,1.0,0.7649,0.2831,0.2476,0,0,1
TCGA-C8-A12T-01,TCGA-C8-A12T,BRCA,BRCA_Her2,0.0,1.0,0.0,0.7153,-2.2158,-2.5659,0,1,1
TCGA-C8-A12U-01,TCGA-C8-A12U,BRCA,BRCA_LumB,0.0,1.0,0.0,-2.0674,-1.5284,1.868,0,1,0
TCGA-C8-A12V-01,TCGA-C8-A12V,BRCA,BRCA_Basal,0.0,0.0,1.0,-0.3279,-1.116,1.1542,0,0,1
TCGA-C8-A12W-01,TCGA-C8-A12W,BRCA,BRCA_LumB,0.0,0.0,1.0,-0.6203,-0.876,1.2442,0,0,1
TCGA-C8-A12Y-01,TCGA-C8-A12Y,BRCA,BRCA_LumA,0.0,1.0,0.0,-0.3713,-0.5212,-3.5758,0,1,1
TCGA-C8-A12Z-01,TCGA-C8-A12Z,BRCA,BRCA_Her2,0.0,0.0,1.0,0.8821,-1.4999,1.137,0,0,1
TCGA-C8-A130-01,TCGA-C8-A130,BRCA,BRCA_LumB,0.0,1.0,1.0,-1.3241,-1.8051,-2.4706,0,1,1
TCGA-C8-A131-01,TCGA-C8-A131,BRCA,BRCA_Basal,0.0,1.0,1.0,-1.651,-2.3809,1.8815,0,1,1
TCGA-C8-A133-01,TCGA-C8-A133,BRCA,BRCA_LumA,0.0,1.0,0.0,-2.4153,-2.1953,-0.2371,0,1,0
TCGA-C8-A134-01,TCGA-C8-A134,BRCA,BRCA_Basal,0.0,0.0,1.0,-0.2345,-1.6335,0.9637,0,0,1
TCGA-C8-A135-01,TCGA-C8-A135,BRCA,BRCA_Her2,0.0,0.0,1.0,-0.7914,-1.2113,-2.3543,0,0,1
TCGA-C8-A138-01,TCGA-C8-A138,BRCA,BRCA_Her2,0.0,0.0,1.0,-1.4642,-1.9728,-1.7056,0,0,1
TCGA-C8-A1HE-01,TCGA-C8-A1HE,BRCA,BRCA_LumA,0.0,1.0,0.0,1.0189,-1.3879,0.4553,0,1,0
TCGA-C8-A1HF-01,TCGA-C8-A1HF,BRCA,BRCA_Her2,0.0,1.0,1.0,-0.696,-1.8433,0.7787,0,1,1
TCGA-C8-A1HG-01,TCGA-C8-A1HG,BRCA,BRCA_LumB,0.0,0.0,1.0,-1.5092,-1.9621,0.2768,0,0,1
TCGA-C8-A1HJ-01,TCGA-C8-A1HJ,BRCA,BRCA_Basal,0.0,0.0,1.0,-3.7946,-0.2654,-2.9372,1,0,1
TCGA-C8-A1HK-01,TCGA-C8-A1HK,BRCA,BRCA_Her2,0.0,0.0,1.0,-0.078,-1.0405,-3.6444,0,0,1
TCGA-C8-A1HM-01,TCGA-C8-A1HM,BRCA,BRCA_LumB,0.0,0.0,1.0,1.263,0.0906,2.1886,0,0,1
TCGA-C8-A26V-01,TCGA-C8-A26V,BRCA,BRCA_LumB,0.0,0.0,1.0,0.759,-0.6078,-0.8778,0,0,1
TCGA-C8-A26W-01,TCGA-C8-A26W,BRCA,BRCA_LumB,0.0,1.0,1.0,-0.9315,-0.4453,0.3349,0,1,1
TCGA-C8-A26X-01,TCGA-C8-A26X,BRCA,BRCA_Her2,0.0,1.0,0.0,-0.9215,3.6214,0.36,0,1,0
TCGA-C8-A26Y-01,TCGA-C8-A26Y,BRCA,BRCA_Her2,0.0,0.0,1.0,-1.0363,-1.2029,1.2399,0,0,1
TCGA-C8-A274-01,TCGA-C8-A274,BRCA,BRCA_LumB,0.0,1.0,0.0,1.4843,-2.8199,0.6912,0,1,0
TCGA-C8-A275-01,TCGA-C8-A275,BRCA,BRCA_Her2,0.0,0.0,1.0,0.6638,-1.2066,0.3618,0,0,1
TCGA-C8-A278-01,TCGA-C8-A278,BRCA,BRCA_Her2,0.0,1.0,1.0,-0.3122,-1.2917,1.0386,0,1,1
TCGA-C8-A27A-01,TCGA-C8-A27A,BRCA,BRCA_LumB,0.0,0.0,1.0,-1.7884,-0.6346,1.0381,0,0,1
TCGA-C8-A27B-01,TCGA-C8-A27B,BRCA,BRCA_Basal,0.0,0.0,1.0,0.093,-0.271,2.9379,0,0,1
TCGA-C8-A3M7-01,TCGA-C8-A3M7,BRCA,BRCA_LumA,0.0,1.0,0.0,0.1471,-1.3081,-0.5367,0,1,0
TCGA-C8-A3M8-01,TCGA-C8-A3M8,BRCA,BRCA_LumB,1.0,1.0,0.0,-1.079,0.4718,-0.8627,1,1,0
TCGA-C8-A8HP-01,TCGA-C8-A8HP,BRCA,BRCA_Her2,1.0,0.0,1.0,-0.9492,-3.4774,-3.3219,1,1,1
TCGA-C8-A8HQ-01,TCGA-C8-A8HQ,BRCA,BRCA_LumB,0.0,1.0,0.0,0.9903,-2.0966,0.6858,0,1,0
TCGA-D8-A13Y-01,TCGA-D8-A13Y,BRCA,BRCA_LumB,0.0,0.0,1.0,-1.9304,-0.6195,-2.9265,0,0,1
TCGA-D8-A13Z-01,TCGA-D8-A13Z,BRCA,BRCA_Her2,0.0,0.0,1.0,-1.2403,-0.8519,2.0771,0,0,1
TCGA-D8-A142-01,TCGA-D8-A142,BRCA,BRCA_Basal,0.0,0.0,1.0,-1.1782,-1.2193,1.5095,0,0,1
TCGA-D8-A143-01,TCGA-D8-A143,BRCA,BRCA_Basal,0.0,1.0,1.0,-1.8882,-0.7432,-3.2547,0,1,1
TCGA-D8-A145-01,TCGA-D8-A145,BRCA,BRCA_LumA,0.0,1.0,0.0,0.8306,-0.5193,0.0556,0,1,0
TCGA-D8-A147-01,TCGA-D8-A147,BRCA,BRCA_Basal,0.0,0.0,1.0,-1.8796,-0.0673,2.1675,0,0,1
TCGA-D8-A1J8-01,TCGA-D8-A1J8,BRCA,BRCA_LumB,0.0,1.0,0.0,1.034,-1.2583,0.468,0,1,0
TCGA-D8-A1J9-01,TCGA-D8-A1J9,BRCA,BRCA_LumB,0.0,0.0,1.0,0.5251,-0.0925,-0.2853,0,0,1
TCGA-D8-A1JD-01,TCGA-D8-A1JD,BRCA,BRCA_LumB,0.0,1.0,0.0,1.2748,0.1082,-0.88,0,1,0
TCGA-D8-A1JE-01,TCGA-D8-A1JE,BRCA,BRCA_LumB,0.0,1.0,0.0,0.9198,-0.8542,-0.1112,0,1,0
TCGA-D8-A1JF-01,TCGA-D8-A1JF,BRCA,BRCA_Her2,0.0,1.0,1.0,-0.4704,-0.1802,0.8229,0,1,1
TCGA-D8-A1JG-01,TCGA-D8-A1JG,BRCA,BRCA_Her2,0.0,1.0,1.0,-1.2959,-1.1958,-2.3238,0,1,1
TCGA-D8-A1JH-01,TCGA-D8-A1JH,BRCA,BRCA_LumA,1.0,1.0,0.0,1.7378,-0.4474,0.7601,1,1,0
TCGA-D8-A1JJ-01,TCGA-D8-A1JJ,BRCA,BRCA_LumB,0.0,1.0,1.0,0.2254,-0.1185,1.6993,0,1,1
TCGA-D8-A1JK-01,TCGA-D8-A1JK,BRCA,BRCA_Basal,0.0,1.0,1.0,-2.4672,-2.4014,-2.4704,0,1,1
TCGA-D8-A1JL-01,TCGA-D8-A1JL,BRCA,BRCA_Basal,0.0,0.0,1.0,-1.1108,0.734,1.3707,0,0,1
TCGA-D8-A1JM-01,TCGA-D8-A1JM,BRCA,BRCA_Basal,0.0,0.0,1.0,-1.3576,-0.6452,1.3645,0,0,1
TCGA-D8-A1JN-01,TCGA-D8-A1JN,BRCA,BRCA_LumA,0.0,1.0,0.0,1.1576,-2.021,-0.9264,0,1,0
TCGA-D8-A1JP-01,TCGA-D8-A1JP,BRCA,BRCA_LumA,0.0,1.0,0.0,0.0075,-0.8481,-0.0443,0,1,0
TCGA-D8-A1JS-01,TCGA-D8-A1JS,BRCA,BRCA_LumA,0.0,1.0,0.0,-0.7104,-4.7925,0.7212,0,1,0
TCGA-D8-A1JU-01,TCGA-D8-A1JU,BRCA,BRCA_LumA,1.0,1.0,0.0,-0.7215,-0.2353,-0.7539,1,1,0
TCGA-D8-A1X5-01,TCGA-D8-A1X5,BRCA,BRCA_LumB,0.0,0.0,1.0,-0.4319,0.6847,0.1633,0,0,1
TCGA-D8-A1X6-01,TCGA-D8-A1X6,BRCA,BRCA_LumB,1.0,0.0,0.0,0.0621,-1.9632,0.2447,1,0,0
TCGA-D8-A1XA-01,TCGA-D8-A1XA,BRCA,BRCA_LumA,1.0,0.0,1.0,-1.4431,0.3879,-4.0443,1,0,1
TCGA-D8-A1XB-01,TCGA-D8-A1XB,BRCA,BRCA_LumA,1.0,1.0,0.0,2.2213,-0.483,0.9333,1,1,0
TCGA-D8-A1XJ-01,TCGA-D8-A1XJ,BRCA,BRCA_Her2,0.0,0.0,1.0,-1.5689,-1.1584,1.5685,0,0,1
TCGA-D8-A1XK-01,TCGA-D8-A1XK,BRCA,BRCA_Basal,0.0,0.0,1.0,-2.5828,-0.1015,1.9601,1,0,1
TCGA-D8-A1XL-01,TCGA-D8-A1XL,BRCA,BRCA_LumB,0.0,1.0,1.0,-0.9673,-1.4822,1.0961,0,1,1
TCGA-D8-A1XM-01,TCGA-D8-A1XM,BRCA,BRCA_LumA,0.0,1.0,0.0,1.2632,-0.4056,-0.54,0,1,0
TCGA-D8-A1XO-01,TCGA-D8-A1XO,BRCA,BRCA_LumA,0.0,1.0,0.0,2.4839,-0.0072,0.6105,0,1,0
TCGA-D8-A1XQ-01,TCGA-D8-A1XQ,BRCA,BRCA_Basal,0.0,0.0,1.0,-1.8273,1.1256,-1.3903,0,0,1
TCGA-D8-A1XS-01,TCGA-D8-A1XS,BRCA,,0.0,1.0,0.0,1.179,-0.4107,-0.7151,0,1,0
TCGA-D8-A1XT-01,TCGA-D8-A1XT,BRCA,BRCA_Her2,0.0,0.0,1.0,-0.7839,0.8334,1.0533,0,0,1
TCGA-D8-A1XW-01,TCGA-D8-A1XW,BRCA,BRCA_Normal,0.0,0.0,1.0,-0.1683,0.5789,0.11,0,0,1
TCGA-D8-A1XY-01,TCGA-D8-A1XY,BRCA,BRCA_LumA,0.0,1.0,0.0,0.8809,-0.2005,-0.8859,0,1,0
TCGA-D8-A1XZ-01,TCGA-D8-A1XZ,BRCA,BRCA_LumB,0.0,0.0,1.0,-0.8459,-1.3815,-2.9705,0,0,1
TCGA-D8-A1Y1-01,TCGA-D8-A1Y1,BRCA,BRCA_LumB,0.0,1.0,0.0,-0.3832,-2.0118,0.7582,0,1,0
TCGA-D8-A1Y2-01,TCGA-D8-A1Y2,BRCA,BRCA_LumB,0.0,1.0,0.0,0.8746,-1.4583,-0.4131,0,1,0
TCGA-D8-A1Y3-01,TCGA-D8-A1Y3,BRCA,BRCA_LumB,0.0,0.0,1.0,-1.3945,-4.282,-3.7915,0,1,1
TCGA-D8-A27F-01,TCGA-D8-A27F,BRCA,BRCA_Basal,0.0,0.0,1.0,-1.7066,-0.1189,-2.8113,0,0,1
TCGA-D8-A27G-01,TCGA-D8-A27G,BRCA,BRCA_LumA,0.0,1.0,0.0,2.2916,-0.3161,-1.2022,0,1,0
TCGA-D8-A27K-01,TCGA-D8-A27K,BRCA,BRCA_LumA,0.0,1.0,0.0,1.1535,-0.7581,0.9199,0,1,0
TCGA-D8-A27L-01,TCGA-D8-A27L,BRCA,BRCA_LumA,1.0,1.0,0.0,1.9576,-0.797,1.2437,1,1,0
TCGA-D8-A27M-01,TCGA-D8-A27M,BRCA,BRCA_Basal,0.0,0.0,1.0,0.3484,0.0347,-2.1663,0,0,1
TCGA-D8-A27N-01,TCGA-D8-A27N,BRCA,BRCA_LumB,0.0,0.0,1.0,-0.0852,-0.2732,-0.6665,0,0,1
TCGA-D8-A27P-01,TCGA-D8-A27P,BRCA,BRCA_LumA,0.0,1.0,0.0,1.3547,-1.1306,0.6564,0,1,0
TCGA-D8-A27T-01,TCGA-D8-A27T,BRCA,BRCA_LumA,0.0,1.0,0.0,1.516,-0.986,0.026,0,1,0
TCGA-D8-A3Z6-01,TCGA-D8-A3Z6,BRCA,BRCA_LumA,1.0,1.0,0.0,-0.7014,-3.5345,0.7003,1,1,0
TCGA-D8-A73U-01,TCGA-D8-A73U,BRCA,BRCA_LumA,0.0,1.0,0.0,0.2323,-1.9936,-0.4238,0,1,0
TCGA-D8-A73X-01,TCGA-D8-A73X,BRCA,BRCA_LumA,1.0,1.0,0.0,1.2557,-1.7374,0.4475,1,1,0
TCGA-E2-A105-01,TCGA-E2-A105,BRCA,BRCA_LumA,0.0,1.0,0.0,-0.4473,-1.6282,0.1235,0,1,0
TCGA-E2-A108-01,TCGA-E2-A108,BRCA,BRCA_Normal,0.0,1.0,1.0,-0.369,-0.6149,0.0832,0,1,1
TCGA-E2-A109-01,TCGA-E2-A109,BRCA,BRCA_LumB,0.0,0.0,1.0,-1.6931,-1.5358,1.0792,0,0,1
TCGA-E2-A10A-01,TCGA-E2-A10A,BRCA,BRCA_LumA,1.0,0.0,0.0,-0.6944,-0.6064,1.558,1,0,0
TCGA-E2-A10B-01,TCGA-E2-A10B,BRCA,BRCA_LumA,0.0,1.0,0.0,0.5614,-0.7337,0.5333,0,1,0
TCGA-E2-A10C-01,TCGA-E2-A10C,BRCA,BRCA_LumB,0.0,1.0,0.0,-1.5528,-4.7195,0.3675,0,1,0
TCGA-E2-A10F-01,TCGA-E2-A10F,BRCA,BRCA_LumA,0.0,1.0,0.0,0.7563,-0.7747,0.268,0,1,0
TCGA-E2-A14N-01,TCGA-E2-A14N,BRCA,BRCA_Basal,0.0,0.0,1.0,-1.3491,-0.3206,-2.9526,0,0,1
TCGA-E2-A14P-01,TCGA-E2-A14P,BRCA,BRCA_Her2,0.0,0.0,1.0,-0.8728,2.6245,1.1197,0,1,1
TCGA-E2-A14R-01,TCGA-E2-A14R,BRCA,BRCA_Basal,0.0,0.0,1.0,-1.1713,-0.9039,2.2023,0,0,1
TCGA-E2-A14V-01,TCGA-E2-A14V,BRCA,BRCA_Her2,0.0,1.0,0.0,0.4813,-1.4771,0.9475,0,1,0
TCGA-E2-A14X-01,TCGA-E2-A14X,BRCA,BRCA_Basal,0.0,0.0,1.0,-0.1806,-0.6675,-2.3304,0,0,1
TCGA-E2-A14Y-01,TCGA-E2-A14Y,BRCA,BRCA_Basal,0.0,1.0,1.0,-0.8129,-1.5043,0.4784,0,1,1
TCGA-E2-A14Z-01,TCGA-E2-A14Z,BRCA,BRCA_LumA,0.0,0.0,1.0,1.116,-1.1629,1.0306,0,0,1
TCGA-E2-A150-01,TCGA-E2-A150,BRCA,BRCA_Basal,0.0,0.0,1.0,-0.3412,1.133,-3.3269,0,0,1
TCGA-E2-A152-01,TCGA-E2-A152,BRCA,BRCA_Her2,0.0,1.0,1.0,0.4674,-1.6943,-0.1492,0,1,1
TCGA-E2-A153-01,TCGA-E2-A153,BRCA,BRCA_LumA,0.0,1.0,0.0,1.17,-1.5533,0.1033,0,1,0
TCGA-E2-A154-01,TCGA-E2-A154,BRCA,BRCA_LumA,0.0,1.0,0.0,0.0101,-1.166,1.5649,0,1,0
TCGA-E2-A155-01,TCGA-E2-A155,BRCA,BRCA_LumB,0.0,0.0,1.0,-0.1482,0.7308,-0.9994,0,0,1
TCGA-E2-A156-01,TCGA-E2-A156,BRCA,BRCA_LumA,1.0,1.0,0.0,1.5281,-0.8984,0.8611,1,1,0
TCGA-E2-A158-01,TCGA-E2-A158,BRCA,BRCA_Basal,0.0,0.0,1.0,-2.8851,-0.213,1.0664,1,0,1
TCGA-E2-A159-01,TCGA-E2-A159,BRCA,BRCA_Basal,0.0,1.0,1.0,-0.4371,-0.4245,0.6581,0,1,1
TCGA-E2-A15C-01,TCGA-E2-A15C,BRCA,BRCA_LumA,1.0,1.0,0.0,1.017,-0.6353,0.6256,1,1,0
TCGA-E2-A15E-01,TCGA-E2-A15E,BRCA,BRCA_LumA,0.0,1.0,1.0,1.351,-0.1171,0.6549,0,1,1
TCGA-E2-A15G-01,TCGA-E2-A15G,BRCA,BRCA_LumA,1.0,1.0,0.0,1.4445,-1.2411,0.7654,1,1,0
TCGA-E2-A15K-01,TCGA-E2-A15K,BRCA,BRCA_LumB,0.0,1.0,0.0,0.5999,-2.7758,0.5704,0,1,0
TCGA-E2-A15L-01,TCGA-E2-A15L,BRCA,BRCA_LumA,1.0,1.0,0.0,0.5603,-1.1543,0.7723,1,1,0
TCGA-E2-A15M-01,TCGA-E2-A15M,BRCA,BRCA_LumA,0.0,0.0,1.0,0.562,0.4954,0.2102,0,0,1
TCGA-E2-A15O-01,TCGA-E2-A15O,BRCA,BRCA_LumA,1.0,0.0,0.0,0.273,-2.7355,3.1766,1,1,1
TCGA-E2-A15P-01,TCGA-E2-A15P,BRCA,BRCA_LumA,0.0,1.0,0.0,0.0931,-0.2802,0.5048,0,1,0
TCGA-E2-A1AZ-01,TCGA-E2-A1AZ,BRCA,BRCA_Basal,0.0,0.0,1.0,0.0281,-0.4741,1.6989,0,0,1
TCGA-E2-A1B0-01,TCGA-E2-A1B0,BRCA,BRCA_Her2,0.0,0.0,1.0,-0.6927,-0.9604,1.8359,0,0,1
TCGA-E2-A1B1-01,TCGA-E2-A1B1,BRCA,BRCA_LumA,0.0,0.0,1.0,0.8548,0.2731,-0.1885,0,0,1
TCGA-E2-A1B4-01,TCGA-E2-A1B4,BRCA,BRCA_LumA,1.0,1.0,0.0,0.5745,-2.7594,0.4309,1,1,0
TCGA-E2-A1B6-01,TCGA-E2-A1B6,BRCA,BRCA_Basal,0.0,0.0,1.0,-0.8398,-1.782,0.5098,0,0,1
TCGA-E2-A1BC-01,TCGA-E2-A1BC,BRCA,BRCA_LumA,0.0,1.0,0.0,1.9564,-0.5487,-0.6349,0,1,0
TCGA-E2-A1BD-01,TCGA-E2-A1BD,BRCA,BRCA_LumA,1.0,1.0,0.0,0.7759,-2.2885,1.4344,1,1,0
TCGA-E2-A1IF-01,TCGA-E2-A1IF,BRCA,BRCA_LumA,0.0,1.0,0.0,0.0247,-3.6056,1.444,0,1,0
TCGA-E2-A1II-01,TCGA-E2-A1II,BRCA,BRCA_Basal,0.0,0.0,1.0,-0.9019,-1.3296,1.3446,0,0,1
TCGA-E2-A1IL-01,TCGA-E2-A1IL,BRCA,BRCA_LumA,0.0,1.0,0.0,0.8239,-1.0504,0.212,0,1,0
TCGA-E2-A1IN-01,TCGA-E2-A1IN,BRCA,BRCA_LumA,0.0,1.0,1.0,1.2678,-1.4174,1.5047,0,1,1
TCGA-E2-A1IO-01,TCGA-E2-A1IO,BRCA,BRCA_LumA,0.0,1.0,0.0,0.222,-0.21,-1.6396,0,1,0
TCGA-E2-A1L6-01,TCGA-E2-A1L6,BRCA,BRCA_LumA,0.0,1.0,0.0,1.3136,-0.9642,0.4212,0,1,0
TCGA-E2-A1L7-01,TCGA-E2-A1L7,BRCA,BRCA_LumB,0.0,0.0,1.0,-1.0107,-1.5141,1.7943,0,0,1
TCGA-E2-A1L8-01,TCGA-E2-A1L8,BRCA,BRCA_LumA,0.0,1.0,0.0,0.3101,-1.1487,0.8125,0,1,0
TCGA-E2-A1LG-01,TCGA-E2-A1LG,BRCA,BRCA_Basal,0.0,0.0,1.0,0.7143,-0.5805,1.4445,0,0,1
TCGA-E2-A1LH-01,TCGA-E2-A1LH,BRCA,BRCA_Basal,0.0,0.0,1.0,-1.5113,-2.4911,1.4806,0,0,1
TCGA-E2-A1LK-01,TCGA-E2-A1LK,BRCA,BRCA_Basal,0.0,0.0,1.0,-2.6969,-1.5164,-3.6957,1,0,1
TCGA-E2-A1LS-01,TCGA-E2-A1LS,BRCA,,0.0,0.0,1.0,-0.7754,-1.4801,0.5678,0,0,1
TCGA-E2-A573-01,TCGA-E2-A573,BRCA,BRCA_Basal,0.0,0.0,1.0,-1.9117,-1.6608,2.192,0,0,1
TCGA-E2-A574-01,TCGA-E2-A574,BRCA,BRCA_Basal,0.0,0.0,1.0,-1.8776,-1.5406,2.2346,0,0,1
TCGA-E2-A576-01,TCGA-E2-A576,BRCA,BRCA_LumA,0.0,1.0,0.0,-1.2914,-5.7951,-0.5474,0,1,0
TCGA-E2-A9RU-01,TCGA-E2-A9RU,BRCA,BRCA_LumB,0.0,1.0,1.0,-1.3671,-4.0223,-0.6009,0,1,1
TCGA-E9-A1N4-01,TCGA-E9-A1N4,BRCA,BRCA_LumA,1.0,0.0,0.0,1.4463,-0.2932,0.6129,1,0,0
TCGA-E9-A1N5-01,TCGA-E9-A1N5,BRCA,BRCA_LumA,0.0,1.0,1.0,0.0465,-0.5777,-0.3414,0,1,1
TCGA-E9-A1N8-01,TCGA-E9-A1N8,BRCA,BRCA_Basal,0.0,0.0,1.0,-1.5832,0.0153,-2.8235,0,0,1
TCGA-E9-A1N9-01,TCGA-E9-A1N9,BRCA,BRCA_Basal,1.0,0.0,1.0,0.48,-0.5046,-2.7734,1,0,1
TCGA-E9-A1NC-01,TCGA-E9-A1NC,BRCA,BRCA_Basal,0.0,0.0,1.0,-2.8779,-2.1681,0.2766,1,0,1
TCGA-E9-A1ND-01,TCGA-E9-A1ND,BRCA,BRCA_Basal,0.0,0.0,1.0,-0.7855,-2.0988,1.9867,0,0,1
TCGA-E9-A1NF-01,TCGA-E9-A1NF,BRCA,BRCA_LumB,0.0,0.0,1.0,-0.5408,-0.8621,0.4496,0,0,1
TCGA-E9-A1NG-01,TCGA-E9-A1NG,BRCA,BRCA_LumA,0.0,1.0,0.0,0.242,-0.4919,0.576,0,1,0
TCGA-E9-A1NH-01,TCGA-E9-A1NH,BRCA,BRCA_LumA,0.0,1.0,0.0,0.9648,-1.062,1.0558,0,1,0
TCGA-E9-A1NI-01,TCGA-E9-A1NI,BRCA,BRCA_LumB,0.0,1.0,0.0,0.0485,-1.6924,1.0563,0,1,0
TCGA-E9-A1R0-01,TCGA-E9-A1R0,BRCA,BRCA_LumA,0.0,1.0,0.0,0.4882,-1.1431,-0.3989,0,1,0
TCGA-E9-A1R3-01,TCGA-E9-A1R3,BRCA,BRCA_LumA,0.0,1.0,0.0,1.4269,-0.94,1.1418,0,1,0
TCGA-E9-A1R4-01,TCGA-E9-A1R4,BRCA,BRCA_LumB,0.0,1.0,0.0,0.0471,-1.1795,0.288,0,1,0
TCGA-E9-A1R5-01,TCGA-E9-A1R5,BRCA,BRCA_LumA,0.0,1.0,0.0,0.291,-0.9521,0.5251,0,1,0
TCGA-E9-A1R6-01,TCGA-E9-A1R6,BRCA,BRCA_LumA,1.0,0.0,0.0,-1.0711,-1.74,0.1384,1,0,0
TCGA-E9-A1RA-01,TCGA-E9-A1RA,BRCA,BRCA_LumA,0.0,1.0,0.0,0.5242,-1.2506,1.1665,0,1,0
TCGA-E9-A1RB-01,TCGA-E9-A1RB,BRCA,BRCA_LumB,0.0,0.0,1.0,-0.7069,-0.803,1.4199,0,0,1
TCGA-E9-A1RC-01,TCGA-E9-A1RC,BRCA,BRCA_LumA,0.0,1.0,0.0,-1.0358,-0.5103,0.9974,0,1,0
TCGA-E9-A1RD-01,TCGA-E9-A1RD,BRCA,BRCA_LumA,1.0,1.0,0.0,0.2042,-1.1228,0.2501,1,1,0
TCGA-E9-A1RE-01,TCGA-E9-A1RE,BRCA,BRCA_LumB,0.0,1.0,0.0,-1.178,-1.399,0.3316,0,1,0
TCGA-E9-A1RH-01,TCGA-E9-A1RH,BRCA,BRCA_Her2,0.0,1.0,1.0,0.8009,1.2214,-1.2339,0,1,1
TCGA-E9-A1RI-01,TCGA-E9-A1RI,BRCA,BRCA_LumA,0.0,1.0,0.0,0.8235,-0.5283,-0.3341,0,1,0
TCGA-E9-A226-01,TCGA-E9-A226,BRCA,BRCA_LumB,0.0,1.0,1.0,0.8755,1.8406,-3.0107,0,1,1
TCGA-E9-A227-01,TCGA-E9-A227,BRCA,BRCA_LumA,0.0,1.0,0.0,-1.5177,-2.0611,0.1267,0,1,0
TCGA-E9-A229-01,TCGA-E9-A229,BRCA,BRCA_LumA,0.0,1.0,0.0,0.9018,-0.1413,-0.4193,0,1,0
TCGA-E9-A22E-01,TCGA-E9-A22E,BRCA,BRCA_LumB,0.0,0.0,1.0,-1.9683,-0.7916,0.2075,0,0,1
TCGA-E9-A22G-01,TCGA-E9-A22G,BRCA,BRCA_Basal,0.0,0.0,1.0,-1.5866,-1.1719,-3.381,0,0,1
TCGA-E9-A22H-01,TCGA-E9-A22H,BRCA,BRCA_LumB,1.0,0.0,0.0,0.9171,-1.2833,0.9476,1,0,0
TCGA-E9-A243-01,TCGA-E9-A243,BRCA,BRCA_Basal,0.0,0.0,1.0,-0.7177,-0.0152,-0.2655,0,0,1
TCGA-E9-A244-01,TCGA-E9-A244,BRCA,BRCA_Basal,0.0,0.0,1.0,-2.6646,1.0687,2.2336,1,0,1
TCGA-E9-A248-01,TCGA-E9-A248,BRCA,BRCA_Her2,0.0,0.0,1.0,0.0882,0.5392,-2.605,0,0,1
TCGA-E9-A249-01,TCGA-E9-A249,BRCA,BRCA_LumB,0.0,1.0,0.0,0.3009,-1.3905,2.0149,0,1,0
TCGA-E9-A295-01,TCGA-E9-A295,BRCA,BRCA_LumA,0.0,1.0,0.0,-1.0427,-1.7917,-0.1167,0,1,0
TCGA-E9-A3X8-01,TCGA-E9-A3X8,BRCA,BRCA_LumA,0.0,1.0,0.0,-0.3255,-5.875,-0.2772,0,1,0
TCGA-E9-A5FL-01,TCGA-E9-A5FL,BRCA,BRCA_Basal,0.0,0.0,1.0,-1.8981,-1.3021,1.7154,0,0,1
TCGA-E9-A6HE-01,TCGA-E9-A6HE,BRCA,BRCA_LumA,0.0,0.0,1.0,-1.6382,-3.7099,-2.2575,0,1,1
TCGA-EW-A1IW-01,TCGA-EW-A1IW,BRCA,BRCA_LumA,0.0,1.0,0.0,0.668,-0.9636,-0.2493,0,1,0
TCGA-EW-A1IX-01,TCGA-EW-A1IX,BRCA,BRCA_LumA,1.0,1.0,0.0,1.2962,-0.7132,0.1152,1,1,0
TCGA-EW-A1IZ-01,TCGA-EW-A1IZ,BRCA,BRCA_LumA,0.0,1.0,0.0,-0.4553,-3.1742,0.7377,0,1,0
TCGA-EW-A1J1-01,TCGA-EW-A1J1,BRCA,BRCA_LumA,1.0,1.0,0.0,1.1418,-0.8575,-0.4728,1,1,0
TCGA-EW-A1J2-01,TCGA-EW-A1J2,BRCA,BRCA_LumA,0.0,1.0,0.0,1.0506,-0.2064,-0.297,0,1,0
TCGA-EW-A1J5-01,TCGA-EW-A1J5,BRCA,BRCA_LumA,0.0,1.0,0.0,1.9994,-0.6231,-0.9749,0,1,0
TCGA-EW-A1OV-01,TCGA-EW-A1OV,BRCA,BRCA_Her2,0.0,1.0,0.0,-0.6749,-1.3246,0.3772,0,1,0
TCGA-EW-A1OY-01,TCGA-EW-A1OY,BRCA,BRCA_LumB,1.0,0.0,1.0,-1.1721,-1.5627,-3.9305,1,0,1
TCGA-EW-A1OZ-01,TCGA-EW-A1OZ,BRCA,BRCA_LumB,0.0,0.0,1.0,1.6624,-1.8168,-0.9056,0,0,1
TCGA-EW-A1P0-01,TCGA-EW-A1P0,BRCA,BRCA_LumB,0.0,1.0,0.0,-1.1374,-0.8322,0.3471,0,1,0
TCGA-EW-A1P1-01,TCGA-EW-A1P1,BRCA,BRCA_Normal,0.0,0.0,1.0,-0.731,-0.3408,0.594,0,0,1
TCGA-EW-A1P4-01,TCGA-EW-A1P4,BRCA,BRCA_Basal,0.0,0.0,1.0,-1.5255,-0.2991,2.8206,0,0,1
TCGA-EW-A1P5-01,TCGA-EW-A1P5,BRCA,BRCA_LumA,0.0,1.0,0.0,0.31,-1.2766,-0.6548,0,1,0
TCGA-EW-A1P6-01,TCGA-EW-A1P6,BRCA,BRCA_LumA,1.0,0.0,0.0,-0.2368,-1.2286,0.9592,1,0,0
TCGA-EW-A1P8-01,TCGA-EW-A1P8,BRCA,BRCA_Basal,0.0,0.0,1.0,-0.92,-0.9254,2.8627,0,0,1
TCGA-EW-A1PA-01,TCGA-EW-A1PA,BRCA,BRCA_LumA,0.0,0.0,1.0,-0.7078,-0.4183,-1.8331,0,0,1
TCGA-EW-A1PB-01,TCGA-EW-A1PB,BRCA,BRCA_Basal,0.0,0.0,1.0,-2.3505,-1.4829,1.2064,0,0,1
TCGA-EW-A1PE-01,TCGA-EW-A1PE,BRCA,BRCA_LumA,0.0,1.0,0.0,1.544,-0.9608,-0.4763,0,1,0
TCGA-EW-A1PH-01,TCGA-EW-A1PH,BRCA,BRCA_Basal,0.0,0.0,1.0,-1.8416,0.2002,-1.784,0,0,1
TCGA-EW-A2FR-01,TCGA-EW-A2FR,BRCA,BRCA_Her2,0.0,0.0,1.0,-0.6213,-1.1774,0.8611,0,0,1
TCGA-EW-A2FV-01,TCGA-EW-A2FV,BRCA,BRCA_LumA,0.0,1.0,0.0,-0.8143,-0.73,0.9873,0,1,0
TCGA-EW-A423-01,TCGA-EW-A423,BRCA,BRCA_LumA,0.0,1.0,0.0,-0.1684,-3.543,-0.1535,0,1,0
TCGA-EW-A6S9-01,TCGA-EW-A6S9,BRCA,BRCA_LumA,0.0,0.0,1.0,-1.0719,-1.2244,-1.0174,0,0,1
TCGA-EW-A6SA-01,TCGA-EW-A6SA,BRCA,,1.0,0.0,0.0,-1.5705,-2.3726,1.3256,1,0,0
TCGA-EW-A6SB-01,TCGA-EW-A6SB,BRCA,BRCA_Basal,0.0,0.0,1.0,-2.1366,-4.2997,2.3497,0,1,1
TCGA-EW-A6SC-01,TCGA-EW-A6SC,BRCA,BRCA_LumA,0.0,1.0,0.0,0.2996,-1.1351,-0.8193,0,1,0
TCGA-EW-A6SD-01,TCGA-EW-A6SD,BRCA,BRCA_Her2,0.0,0.0,1.0,0.5307,-1.396,1.6904,0,0,1
TCGA-GM-A2D9-01,TCGA-GM-A2D9,BRCA,BRCA_LumA,1.0,1.0,0.0,-0.2745,-3.1509,0.7644,1,1,0
TCGA-GM-A2DB-01,TCGA-GM-A2DB,BRCA,BRCA_Her2,0.0,0.0,1.0,-1.2681,-1.4592,-2.9135,0,0,1
TCGA-GM-A2DD-01,TCGA-GM-A2DD,BRCA,BRCA_Normal,0.0,1.0,1.0,-0.9931,-2.2114,1.2027,0,1,1
TCGA-GM-A2DF-01,TCGA-GM-A2DF,BRCA,BRCA_Basal,0.0,0.0,1.0,-1.822,-1.4039,-2.4388,0,0,1
TCGA-GM-A2DH-01,TCGA-GM-A2DH,BRCA,BRCA_Her2,0.0,1.0,1.0,-0.1206,0.806,-1.8632,0,1,1
TCGA-GM-A2DI-01,TCGA-GM-A2DI,BRCA,BRCA_LumA,0.0,1.0,0.0,2.2307,-0.5315,-1.8429,0,1,0
TCGA-GM-A2DL-01,TCGA-GM-A2DL,BRCA,BRCA_LumA,0.0,0.0,1.0,-0.313,-1.5127,-0.0833,0,0,1
TCGA-GM-A3NW-01,TCGA-GM-A3NW,BRCA,BRCA_LumA,0.0,1.0,0.0,0.4003,-2.4522,-0.6271,0,1,0
TCGA-GM-A3XL-01,TCGA-GM-A3XL,BRCA,BRCA_Basal,0.0,0.0,1.0,-2.5689,-2.5573,2.2456,1,1,1
TCGA-HN-A2OB-01,TCGA-HN-A2OB,BRCA,BRCA_LumA,0.0,1.0,0.0,0.9946,-1.1646,-0.1977,0,1,0
TCGA-JL-A3YX-01,TCGA-JL-A3YX,BRCA,BRCA_LumA,1.0,1.0,0.0,0.2256,-3.4274,2.3145,1,1,0
TCGA-LD-A66U-01,TCGA-LD-A66U,BRCA,BRCA_LumA,0.0,1.0,0.0,-0.8898,-3.6696,0.5172,0,1,0
TCGA-LD-A74U-01,TCGA-LD-A74U,BRCA,BRCA_LumA,0.0,1.0,1.0,1.3713,-1.8786,-0.1453,0,1,1
TCGA-LD-A7W5-01,TCGA-LD-A7W5,BRCA,BRCA_LumA,0.0,0.0,1.0,-0.6083,-2.4224,0.9027,0,0,1
TCGA-LL-A50Y-01,TCGA-LL-A50Y,BRCA,BRCA_LumA,0.0,1.0,0.0,0.3039,-4.5386,-0.3727,0,1,0
TCGA-LL-A5YN-01,TCGA-LL-A5YN,BRCA,BRCA_LumA,0.0,1.0,0.0,-1.8547,-4.3224,1.1326,0,1,0
TCGA-LL-A5YO-01,TCGA-LL-A5YO,BRCA,BRCA_Her2,0.0,0.0,1.0,-0.8553,-2.3281,1.0414,0,0,1
TCGA-LL-A5YP-01,TCGA-LL-A5YP,BRCA,BRCA_Basal,0.0,0.0,1.0,-2.2725,-1.8006,1.7877,0,0,1
TCGA-LL-A6FP-01,TCGA-LL-A6FP,BRCA,BRCA_LumA,0.0,1.0,0.0,-1.3457,-4.2198,0.29,0,1,0
TCGA-LL-A6FR-01,TCGA-LL-A6FR,BRCA,BRCA_Basal,0.0,0.0,1.0,-2.9517,-2.9046,0.6664,1,1,1
TCGA-LL-A73Y-01,TCGA-LL-A73Y,BRCA,BRCA_Basal,0.0,0.0,1.0,-1.5776,-0.8529,-2.2012,0,0,1
TCGA-LL-A7SZ-01,TCGA-LL-A7SZ,BRCA,BRCA_LumA,0.0,0.0,1.0,-2.8229,-5.3345,-0.3068,1,1,1
TCGA-LL-A7T0-01,TCGA-LL-A7T0,BRCA,BRCA_LumB,0.0,1.0,0.0,-2.3011,-3.4802,0.9182,0,1,0
TCGA-LL-A8F5-01,TCGA-LL-A8F5,BRCA,BRCA_Basal,0.0,0.0,1.0,-2.794,-2.0211,1.1702,1,0,1
TCGA-LL-A9Q3-01,TCGA-LL-A9Q3,BRCA,BRCA_LumA,0.0,1.0,0.0,-2.7639,-4.9019,-1.2618,1,1,0
TCGA-OK-A5Q2-01,TCGA-OK-A5Q2,BRCA,BRCA_LumA,1.0,1.0,0.0,1.0064,-2.5079,0.7232,1,1,0
TCGA-OL-A5D6-01,TCGA-OL-A5D6,BRCA,BRCA_Normal,0.0,1.0,1.0,-0.438,-2.1152,0.3111,0,1,1
TCGA-OL-A5D7-01,TCGA-OL-A5D7,BRCA,BRCA_Basal,0.0,0.0,1.0,-2.7133,-2.3446,3.3123,1,0,1
TCGA-OL-A5DA-01,TCGA-OL-A5DA,BRCA,BRCA_LumA,0.0,1.0,0.0,1.6909,-2.5378,-0.7494,0,1,0
TCGA-OL-A5RW-01,TCGA-OL-A5RW,BRCA,BRCA_Basal,0.0,0.0,1.0,-1.7984,-1.3137,-3.8904,0,0,1
TCGA-OL-A5RX-01,TCGA-OL-A5RX,BRCA,BRCA_LumA,0.0,1.0,0.0,-0.1671,-2.6393,0.7424,0,1,0
TCGA-OL-A5S0-01,TCGA-OL-A5S0,BRCA,BRCA_Basal,0.0,1.0,0.0,-3.5745,-3.0489,-1.0545,1,1,0
TCGA-OL-A66I-01,TCGA-OL-A66I,BRCA,BRCA_Basal,0.0,0.0,1.0,-1.7334,-2.5493,-1.2202,0,1,1
TCGA-OL-A66L-01,TCGA-OL-A66L,BRCA,BRCA_LumA,0.0,1.0,0.0,-1.5638,-4.345,-0.3561,0,1,0
TCGA-OL-A66N-01,TCGA-OL-A66N,BRCA,BRCA_LumA,1.0,0.0,0.0,-0.6343,-4.3303,-0.0603,1,1,0
TCGA-OL-A6VO-01,TCGA-OL-A6VO,BRCA,BRCA_Basal,0.0,0.0,1.0,-3.0145,-0.3116,3.1472,1,0,1
TCGA-OL-A6VQ-01,TCGA-OL-A6VQ,BRCA,BRCA_LumA,0.0,1.0,0.0,1.6414,-1.1022,-0.0522,0,1,0
TCGA-PE-A5DD-01,TCGA-PE-A5DD,BRCA,BRCA_LumA,0.0,1.0,0.0,0.0967,-2.1557,0.2804,0,1,0
TCGA-PE-A5DE-01,TCGA-PE-A5DE,BRCA,BRCA_LumA,0.0,1.0,1.0,1.0964,-2.5502,-0.0878,0,1,1
TCGA-PL-A8LV-01,TCGA-PL-A8LV,BRCA,BRCA_Basal,0.0,0.0,1.0,-1.7544,-2.1408,0.2693,0,0,1
TCGA-PL-A8LZ-01,TCGA-PL-A8LZ,BRCA,BRCA_Basal,0.0,0.0,1.0,-1.7214,0.9876,1.5013,0,0,1
TCGA-S3-AA0Z-01,TCGA-S3-AA0Z,BRCA,BRCA_Basal,0.0,0.0,1.0,-1.4659,0.4117,3.0127,0,0,1
TCGA-S3-AA10-01,TCGA-S3-AA10,BRCA,BRCA_Basal,0.0,0.0,1.0,-1.7828,-1.0383,-1.5334,0,0,1
TCGA-S3-AA11-01,TCGA-S3-AA11,BRCA,BRCA_LumA,1.0,1.0,0.0,0.798,-2.3446,0.9259,1,1,0
TCGA-S3-AA14-01,TCGA-S3-AA14,BRCA,BRCA_LumA,1.0,1.0,0.0,0.6621,-1.0908,-0.0306,1,1,0
TCGA-UU-A93S-01,TCGA-UU-A93S,BRCA,BRCA_Her2,0.0,0.0,1.0,-0.7148,-2.5467,0.8842,0,1,1
TCGA-V7-A7HQ-01,TCGA-V7-A7HQ,BRCA,BRCA_LumA,1.0,0.0,0.0,-2.0046,-6.2251,0.721,1,1,0
TCGA-WT-AB41-01,TCGA-WT-AB41,BRCA,BRCA_LumA,0.0,1.0,0.0,-1.7882,-4.3777,0.8382,0,1,0
TCGA-XX-A899-01,TCGA-XX-A899,BRCA,BRCA_LumA,0.0,1.0,0.0,1.1043,-1.2986,0.3119,0,1,0
TCGA-XX-A89A-01,TCGA-XX-A89A,BRCA,BRCA_LumA,0.0,1.0,0.0,-0.4934,-1.7837,0.0272,0,1,0
TCGA-Z7-A8R5-01,TCGA-Z7-A8R5,BRCA,BRCA_LumA,0.0,1.0,0.0,-0.131,-4.1513,1.4638,0,1,0
TCGA-Z7-A8R6-01,TCGA-Z7-A8R6,BRCA,BRCA_LumB,0.0,0.0,1.0,0.8658,-1.947,0.132,0,0,1
